episode,type,ground,size,armor,value,xmove,ymove,xaccel,yaccel,xcaccel,ycaccel,xrev,yrev,animate,shapebank,egraphic0,launchtype,enemydie,tur0
1,0,1,1,1,0,0,0,0,0,0,0,0,0,0,0,0,0,0,0
1,1,1,1,254,2250,0,0,0,0,0,0,0,0,2,2,1,2,0,127
1,2,1,1,10,25,0,5,0,0,0,0,0,0,0,10,169,0,0,252
1,3,1,0,2,5,0,0,92,0,0,8,0,0,1,1,171,0,0,0
1,4,1,1,4,25,0,1,0,0,0,0,0,0,1,1,159,0,0,0
1,5,1,1,6,20,0,0,0,0,0,0,0,0,1,1,229,0,0,0
1,6,1,1,6,25,0,0,0,0,0,0,0,0,0,1,85,0,0,0
1,7,1,1,6,25,0,0,0,0,0,0,0,0,0,1,87,0,0,0
1,8,1,1,6,25,0,0,0,0,0,0,0,0,0,1,123,0,0,0
1,9,1,1,6,25,0,0,0,0,0,0,0,0,0,1,125,0,0,0
1,10,1,1,3,15,0,1,0,0,0,0,0,0,1,1,191,0,0,0
1,11,1,1,6,20,0,0,97,97,0,0,0,0,1,1,243,0,0,0
1,12,1,1,3,15,0,1,0,0,0,0,0,0,1,1,205,0,0,0
1,13,1,1,6,25,0,0,0,0,0,0,0,0,0,1,85,0,0,116
1,14,1,1,6,25,0,0,0,0,0,0,0,0,0,1,87,0,0,115
1,15,0,1,10,20,0,0,0,0,0,0,0,0,0,1,91,0,0,2
1,16,1,0,12,5,0,0,0,0,0,8,0,0,1,1,171,0,0,0
1,17,1,1,5,20,0,1,0,0,0,0,0,0,0,1,267,0,0,59
1,18,1,1,50,0,0,0,0,0,16,0,0,0,0,1,7,0,0,0
1,19,1,1,50,0,0,0,0,0,16,0,0,0,0,1,9,0,0,0
1,20,1,1,50,500,0,0,0,0,16,0,0,0,0,1,11,0,0,0
1,21,1,1,50,0,0,0,0,0,-16,0,0,0,0,1,5,0,0,0
1,22,1,1,50,0,0,0,0,0,-16,0,0,0,0,1,3,0,0,0
1,23,1,1,50,500,0,0,0,0,-16,0,0,0,0,1,1,0,0,0
1,24,1,1,2,50,2,2,0,0,10,-20,0,0,0,1,269,0,0,62
1,25,1,1,2,50,-2,2,0,0,-10,-20,0,0,0,1,271,0,0,62
1,26,1,1,4,10,0,0,0,0,0,0,0,0,0,1,49,0,0,125
1,27,1,1,4,10,0,0,0,0,0,0,0,0,0,1,51,0,0,126
1,28,1,1,4,10,0,0,0,0,-12,0,-2,0,0,1,49,0,0,125
1,29,1,1,4,10,0,0,0,0,12,0,2,0,0,1,51,0,0,126
1,30,1,1,6,15,0,0,0,0,0,0,0,0,0,1,89,0,0,0
1,31,1,1,6,25,0,0,0,0,0,0,0,0,0,1,127,0,0,0
1,32,0,1,6,2,0,0,0,0,0,0,0,0,0,1,273,0,0,0
1,33,0,1,6,2,0,0,0,0,0,0,0,0,0,1,275,0,0,0
1,34,0,1,6,2,0,0,0,0,0,0,0,0,0,1,277,0,0,0
1,35,0,1,6,2,0,0,0,0,0,0,0,0,0,1,279,0,0,0
1,36,0,1,6,2,0,0,0,0,0,0,0,0,0,1,281,0,0,0
1,37,0,1,6,2,0,0,0,0,0,0,0,0,0,1,283,0,0,0
1,38,0,1,6,2,0,0,0,0,0,0,0,0,0,1,245,0,0,0
1,39,0,1,6,2,0,0,0,0,0,0,0,0,0,1,207,0,0,0
1,40,0,1,10,10,0,0,0,0,0,0,0,0,2,1,153,0,0,59
1,41,0,1,20,100,0,0,0,0,0,0,0,0,0,1,169,0,0,0
1,42,0,1,12,10,0,0,0,0,0,0,0,0,0,1,15,0,0,0
1,43,0,1,12,10,0,0,0,0,0,0,0,0,0,1,17,0,0,0
1,44,0,1,12,10,0,0,0,0,0,0,0,0,0,1,53,0,0,0
1,45,0,1,12,10,0,0,0,0,0,0,0,0,0,1,55,0,0,0
1,46,1,1,254,0,0,0,0,0,0,0,0,0,0,2,10,0,0,0
1,47,1,1,254,0,0,0,0,0,0,0,0,0,0,2,12,0,0,0
1,48,1,1,254,250,0,0,0,0,0,0,0,0,0,2,14,0,0,0
1,49,1,1,254,0,0,0,0,0,0,0,0,0,0,2,16,0,0,0
1,50,1,1,254,0,0,0,0,0,0,0,0,0,0,2,18,0,0,0
1,51,1,1,254,0,0,0,0,0,0,0,0,0,0,2,48,0,0,0
1,52,1,1,254,0,0,0,0,0,0,0,0,0,0,2,50,0,0,0
1,53,1,1,254,1,0,0,0,0,0,0,0,0,2,2,1,3,0,127
1,54,1,1,254,0,0,0,0,0,0,0,0,0,0,2,54,0,0,0
1,55,1,1,254,0,0,0,0,0,0,0,0,0,0,2,56,0,0,0
1,56,1,1,100,0,0,0,0,0,0,0,0,0,0,2,86,0,0,0
1,57,1,1,100,0,0,0,0,0,0,0,0,0,0,2,88,0,0,0
1,58,1,1,254,0,0,0,0,0,0,0,0,0,0,2,90,0,0,0
1,59,1,1,100,0,0,0,0,0,0,0,0,0,0,2,92,0,0,0
1,60,1,1,100,0,0,0,0,0,0,0,0,0,0,2,94,0,0,0
1,61,1,1,0,0,0,0,0,0,0,0,0,0,0,2,124,0,0,0
1,62,1,1,100,0,0,0,0,0,0,0,0,0,0,2,126,0,0,0
1,63,1,1,254,0,0,0,0,0,0,0,0,0,0,2,128,0,0,0
1,64,1,1,100,0,0,0,0,0,0,0,0,0,0,2,130,0,0,0
1,65,1,1,0,0,0,0,0,0,0,0,0,0,0,2,132,0,0,0
1,66,1,1,50,0,0,0,0,0,0,0,0,0,0,2,153,0,0,0
1,67,1,1,50,0,0,0,0,0,0,0,0,0,0,2,155,0,0,0
1,68,1,1,50,0,0,0,0,0,0,0,0,0,0,2,157,0,0,0
1,69,1,1,50,0,0,0,0,0,0,0,0,0,0,2,159,0,0,0
1,70,1,1,50,0,0,0,0,0,0,0,0,0,0,2,191,0,0,0
1,71,1,1,50,0,0,0,0,0,0,0,0,0,0,2,193,0,0,0
1,72,1,1,50,1000,0,0,0,0,0,0,0,0,0,2,195,0,0,0
1,73,1,1,50,0,0,0,0,0,0,0,0,0,0,2,231,0,0,0
1,74,1,1,50,0,0,0,0,0,0,0,0,0,0,2,233,0,0,0
1,75,1,1,50,0,0,0,0,0,0,0,0,0,0,2,235,0,0,0
1,76,1,1,50,0,0,0,0,0,0,0,0,0,0,2,267,0,0,0
1,77,1,1,50,0,0,0,0,0,0,0,0,0,0,2,269,0,0,0
1,78,1,1,50,0,0,0,0,0,0,0,0,0,0,2,271,0,0,0
1,79,1,1,50,1000,0,0,0,0,0,0,0,0,0,2,273,0,0,0
1,80,0,1,20,0,0,0,0,0,0,0,0,0,2,3,39,0,0,0
1,81,0,1,20,0,0,0,0,0,0,0,0,0,2,3,41,0,0,0
1,82,0,1,20,0,0,0,0,0,0,0,0,0,2,3,1,0,0,0
1,83,0,1,20,0,0,0,0,0,0,0,0,0,2,3,3,0,0,0
1,84,0,1,14,0,0,0,0,0,0,0,0,0,2,3,55,0,0,59
1,85,0,1,14,0,0,0,0,0,0,0,0,0,2,3,169,0,0,0
1,86,0,1,14,0,0,0,0,0,0,0,0,0,2,3,207,463,0,0
1,87,0,1,20,0,0,0,0,0,0,0,0,0,0,3,199,0,0,0
1,88,0,1,20,0,0,0,0,0,0,0,0,0,0,3,201,0,0,0
1,89,0,1,20,0,0,0,0,0,0,0,0,0,0,3,161,0,0,0
1,90,0,1,20,0,0,0,0,0,0,0,0,0,0,3,163,0,0,0
1,91,1,1,10,0,4,0,0,0,0,0,0,0,0,4,125,454,502,0
1,92,1,1,254,0,4,0,0,0,0,0,0,0,0,4,127,0,0,0
1,93,1,0,3,0,0,1,0,0,-4,0,-6,0,1,4,19,0,0,0
1,94,1,0,3,0,0,2,0,0,-6,0,0,0,1,4,19,0,0,0
1,95,1,0,3,0,0,3,0,0,-12,0,0,0,1,4,19,0,0,0
1,96,1,0,3,0,0,4,0,0,0,0,0,0,1,4,19,0,0,0
1,97,1,0,3,0,0,3,0,0,12,0,0,0,1,4,19,0,0,0
1,98,1,0,3,0,0,2,0,0,6,0,0,0,1,4,19,0,0,0
1,99,1,0,3,0,0,1,0,0,4,0,6,0,1,4,19,0,0,0
1,100,1,1,10,0,0,1,0,0,0,0,0,0,1,4,153,454,0,0
1,101,1,1,254,0,0,1,0,0,0,0,0,0,1,4,191,0,0,0
1,102,1,1,6,0,0,6,0,0,1,-10,4,0,1,4,267,0,0,0
1,103,1,1,6,0,0,6,0,0,-1,-10,-4,0,1,4,267,0,0,0
1,104,1,1,12,0,0,1,0,0,0,0,0,0,1,4,1,0,508,63
1,105,1,0,3,0,0,1,0,0,-3,0,-8,0,1,4,19,0,0,0
1,106,1,1,200,0,0,0,0,0,0,0,0,0,0,4,9,0,0,0
1,107,1,1,200,0,0,0,0,0,0,0,0,0,0,4,45,0,0,0
1,108,1,1,20,0,0,-8,0,0,4,10,0,0,1,4,115,0,0,0
1,109,1,1,60,0,0,0,0,0,0,0,0,0,1,4,277,0,0,0
1,110,1,1,60,0,0,0,0,0,0,0,0,0,0,4,203,0,0,0
1,111,1,1,0,0,0,0,0,0,0,0,0,0,0,4,241,0,0,0
1,112,1,1,254,0,0,0,0,0,0,0,0,0,0,4,167,0,0,0
1,113,1,1,254,0,0,0,0,0,0,0,0,0,0,4,205,0,0,0
1,114,1,1,0,0,0,0,0,0,0,0,0,0,0,4,243,0,0,0
1,115,1,1,254,0,0,0,0,0,0,0,0,0,0,4,169,0,0,0
1,116,1,1,254,0,0,0,0,0,0,0,0,0,0,4,207,0,0,0
1,117,1,1,0,0,0,0,0,0,0,0,0,0,0,4,245,0,0,0
1,118,1,1,254,0,0,0,0,0,0,0,0,0,0,4,161,0,0,0
1,119,1,1,254,0,0,0,0,0,0,0,0,0,0,4,199,0,0,0
1,120,1,1,0,0,0,0,0,0,0,0,0,0,0,4,237,0,0,0
1,121,0,1,10,5,0,0,0,0,0,0,0,0,0,1,115,0,0,0
1,122,0,1,10,5,0,0,0,0,0,0,0,0,0,1,117,0,0,0
1,123,0,1,10,5,0,0,0,0,0,0,0,0,0,1,77,0,0,0
1,124,0,1,10,5,0,0,0,0,0,0,0,0,0,1,79,0,0,0
1,125,0,1,10,5,0,0,0,0,0,0,0,0,0,1,119,0,0,0
1,126,0,1,10,5,0,0,0,0,0,0,0,0,0,1,121,0,0,0
1,127,0,1,10,5,0,0,0,0,0,0,0,0,0,1,81,0,0,0
1,128,0,1,10,5,0,0,0,0,0,0,0,0,0,1,83,0,0,0
1,129,1,1,25,0,0,1,0,0,0,0,0,0,1,3,51,0,0,134
1,130,1,1,15,0,0,1,0,0,0,0,0,0,1,3,53,0,0,0
1,131,1,1,15,0,0,1,0,0,0,0,0,0,1,3,53,0,0,140
1,132,1,0,5,0,0,1,0,0,0,0,0,0,0,3,152,0,0,0
1,133,1,1,10,0,0,4,0,0,0,0,0,6,1,3,13,0,0,141
1,134,1,1,8,0,0,-5,0,0,0,0,0,0,1,3,237,0,0,135
1,135,1,1,3,0,0,1,0,0,0,0,0,0,0,8,5,0,0,0
1,136,1,1,3,0,0,2,0,0,0,0,0,0,0,8,5,0,0,0
1,137,1,1,3,0,0,3,0,0,0,0,0,0,0,8,5,0,0,0
1,138,1,1,10,0,0,0,0,0,0,0,0,0,0,8,39,0,0,0
1,139,1,1,10,0,0,0,0,0,0,0,0,0,0,8,41,0,0,0
1,140,1,1,10,0,0,0,0,0,0,0,0,0,0,8,1,0,0,0
1,141,1,1,10,0,0,0,0,0,0,0,0,0,0,8,3,0,0,0
1,142,0,1,10,25,0,0,0,0,0,0,0,0,2,7,1,0,0,63
1,143,0,1,15,100,0,0,0,0,0,0,0,0,2,7,39,0,0,144
1,144,1,0,2,5,0,0,0,0,0,0,0,0,2,7,38,0,0,142
1,145,0,1,18,50,0,0,0,0,0,0,0,0,0,7,245,0,0,0
1,146,0,1,18,0,0,0,0,0,0,0,0,0,0,7,283,0,0,0
1,147,1,1,10,25,0,0,0,0,0,0,0,0,1,11,1,0,0,0
1,148,1,1,3,50,2,0,0,0,0,0,0,0,1,11,77,0,0,0
1,149,1,1,254,25,0,0,0,0,0,0,0,0,0,10,1,0,0,0
1,150,1,1,254,25,0,0,0,0,0,0,0,0,0,10,3,0,0,0
1,151,1,1,254,25,0,0,0,0,0,0,0,0,0,10,5,0,0,0
1,152,1,1,254,25,0,0,0,0,0,0,0,0,0,10,7,0,0,0
1,153,0,1,14,50,0,0,0,0,0,0,0,0,2,12,39,0,0,59
1,154,0,1,20,50,0,0,0,0,0,0,0,0,0,12,119,0,0,0
1,155,0,1,20,0,0,0,0,0,0,0,0,0,0,12,121,0,0,0
1,156,0,1,20,0,0,0,0,0,0,0,0,0,0,12,81,0,0,0
1,157,0,1,20,0,0,0,0,0,0,0,0,0,0,12,83,0,0,0
1,158,0,1,20,50,0,0,0,0,0,0,0,0,2,12,43,0,0,0
1,159,0,1,20,0,0,0,0,0,0,0,0,0,2,12,45,0,0,0
1,160,0,1,20,0,0,0,0,0,0,0,0,0,2,12,5,0,0,116
1,161,0,1,20,0,0,0,0,0,0,0,0,0,2,12,7,0,0,0
1,162,0,1,15,25,0,0,0,0,0,0,0,0,2,10,39,0,0,59
1,163,1,1,3,20,0,0,0,0,0,0,0,0,0,10,125,0,0,92
1,164,1,1,4,25,0,0,0,0,0,0,0,0,0,10,11,0,0,8
1,165,1,1,6,40,0,0,0,0,0,0,0,0,0,10,49,0,0,12
1,166,1,1,8,50,0,0,0,0,0,0,0,0,0,10,87,0,0,8
1,167,1,1,10,75,0,0,0,0,0,0,0,0,0,10,3,0,0,100
1,168,1,1,12,50,0,0,0,0,0,0,0,0,0,10,55,0,0,16
1,169,1,1,14,80,0,0,0,0,0,0,0,0,0,10,79,0,0,98
1,170,1,1,15,100,0,0,0,0,0,0,0,0,0,10,53,0,0,100
1,171,0,1,20,75,0,0,0,0,0,0,0,0,2,10,43,0,0,0
1,172,0,1,20,75,0,0,0,0,0,0,0,0,2,10,81,0,0,0
1,173,0,1,20,75,0,0,0,0,0,0,0,0,2,10,119,0,0,24
1,174,1,1,80,0,0,0,0,0,4,0,4,0,0,18,125,0,0,0
1,175,1,1,80,0,0,0,0,0,4,0,4,0,0,18,15,0,0,0
1,176,1,1,80,0,0,0,0,0,4,0,4,0,0,18,13,0,0,0
1,177,1,1,80,0,0,0,0,0,-4,0,-4,0,0,18,125,0,0,0
1,178,1,1,80,0,0,0,0,0,-4,0,-4,0,0,18,15,0,0,0
1,179,1,1,80,0,0,0,0,0,-4,0,-4,0,0,18,13,0,0,0
1,180,1,1,120,250,0,0,0,0,4,0,4,0,1,18,163,0,0,0
1,181,1,1,120,0,0,0,0,0,4,0,4,0,1,18,201,0,0,0
1,182,1,1,120,250,0,0,0,0,-4,0,-4,0,1,18,11,0,0,0
1,183,1,1,120,0,0,0,0,0,-4,0,-4,0,1,18,49,0,0,0
1,184,1,1,15,0,0,0,0,0,0,2,0,4,2,11,121,0,0,116
1,185,1,1,40,25,0,0,0,0,0,0,0,0,1,11,1,0,0,0
1,186,1,1,10,25,3,0,0,0,0,0,0,0,2,11,77,0,0,116
1,187,1,1,10,25,-3,0,0,0,0,0,0,0,2,11,77,0,0,116
1,188,1,1,10,25,-3,0,0,0,0,0,0,0,2,11,77,0,0,116
1,189,1,1,10,25,3,0,0,0,0,0,0,0,2,11,77,0,0,116
1,190,1,1,10,25,0,0,0,0,1,0,10,0,1,11,127,0,0,0
1,191,1,1,10,25,0,0,0,0,-1,0,-10,0,1,11,127,0,0,0
1,192,1,1,20,0,0,0,0,0,0,0,0,0,1,4,229,0,0,0
1,193,1,1,20,0,0,0,0,0,0,0,0,0,1,4,231,0,0,0
1,194,0,1,30,50,0,0,0,0,0,0,0,0,0,20,13,0,0,2
1,195,1,0,10,25,0,0,0,0,0,0,0,0,0,23,19,0,0,6
1,196,1,1,40,50,0,0,0,0,0,0,0,0,0,8,237,0,0,0
1,197,0,1,40,25,0,0,0,0,0,0,0,0,0,20,277,0,0,60
1,198,0,1,40,75,0,0,0,0,0,0,0,0,0,20,279,199,0,60
1,199,1,0,2,100,0,0,94,94,2,2,5,5,1,20,171,1,0,0
1,200,1,1,0,30000,4,1,0,0,4,0,4,0,0,26,281,0,0,0
1,201,1,1,254,500,0,0,0,0,0,0,0,0,0,6,2,0,0,0
1,202,1,1,254,0,0,0,0,0,0,0,0,0,0,6,4,0,0,0
1,203,1,1,254,0,0,0,0,0,0,0,0,0,0,6,6,0,0,0
1,204,1,1,254,0,0,0,0,0,0,0,0,0,0,6,8,0,0,0
1,205,1,1,254,0,0,0,0,0,0,0,0,0,0,6,39,0,0,0
1,206,1,1,254,0,0,0,0,0,0,0,0,0,0,6,41,0,0,0
1,207,1,1,254,0,0,0,0,0,0,0,0,0,0,6,43,0,0,0
1,208,1,1,254,0,0,0,0,0,0,0,0,0,0,6,45,0,0,0
1,209,1,1,254,0,0,0,0,0,0,0,0,0,0,6,47,0,0,0
1,210,1,1,254,0,0,0,0,0,0,0,0,0,0,6,77,0,0,0
1,211,1,1,254,0,0,0,0,0,0,0,0,0,0,6,79,0,0,0
1,212,1,1,254,0,0,0,0,0,0,0,0,0,0,6,81,0,0,0
1,213,1,1,254,0,0,0,0,0,0,0,0,0,0,6,83,0,0,0
1,214,1,1,254,0,0,0,0,0,0,0,0,0,0,6,85,0,0,0
1,215,1,1,254,0,0,0,0,0,0,0,0,0,0,6,115,0,0,0
1,216,1,1,254,0,0,0,0,0,0,0,0,0,2,6,117,596,0,0
1,217,1,1,254,0,0,0,0,0,0,0,0,0,0,6,119,0,0,0
1,218,1,1,254,0,0,0,0,0,0,0,0,0,2,6,121,596,0,0
1,219,1,1,254,0,0,0,0,0,0,0,0,0,0,6,123,0,0,0
1,220,1,1,254,0,0,0,0,0,0,0,0,0,0,6,154,0,0,0
1,221,1,1,254,0,0,0,0,0,0,0,0,0,2,6,156,0,0,34
1,222,1,1,254,0,0,0,0,0,0,0,0,0,2,6,158,0,0,34
1,223,1,1,254,0,0,0,0,0,0,0,0,0,0,6,160,0,0,0
1,224,1,1,254,0,0,0,0,0,0,0,0,0,2,6,156,0,0,37
1,225,1,1,254,0,0,0,0,0,0,0,0,0,2,6,158,0,0,37
1,226,1,1,25,75,0,0,0,0,0,0,0,0,2,7,197,0,0,116
1,227,1,1,25,0,0,0,0,0,0,0,0,0,2,7,199,0,0,115
1,228,0,1,20,100,0,0,0,0,0,0,0,0,0,7,269,0,0,0
1,229,0,1,20,0,0,0,0,0,0,0,0,0,0,7,271,0,0,0
1,230,0,1,20,0,0,0,0,0,0,0,0,0,0,7,273,0,0,0
1,231,0,0,20,0,0,0,0,0,0,0,0,0,0,7,275,0,0,0
1,232,0,0,16,100,0,0,0,0,0,0,0,0,0,7,238,0,0,0
1,233,0,1,16,0,0,0,0,0,0,0,0,0,0,7,239,0,0,0
1,234,0,1,16,0,0,0,0,0,0,0,0,0,0,7,241,0,0,0
1,235,0,1,16,0,0,0,0,0,0,0,0,0,0,7,243,0,0,0
1,236,1,1,12,25,0,0,0,0,0,0,0,0,0,7,15,0,0,0
1,237,0,1,25,100,0,0,0,0,0,0,0,0,0,7,55,0,0,0
1,238,0,1,25,0,0,0,0,0,0,0,0,0,0,7,17,0,0,0
1,239,0,1,25,0,0,0,0,0,0,0,0,0,2,7,115,0,0,0
1,240,0,1,25,0,0,0,0,0,0,0,0,0,2,7,77,0,0,143
1,241,0,1,80,250,0,0,0,0,0,0,14,10,1,25,191,0,0,0
1,242,0,1,80,0,0,0,0,0,0,0,14,10,1,25,193,0,0,0
1,243,0,1,80,0,0,0,0,0,0,0,14,10,1,25,153,0,0,255
1,244,0,1,80,0,0,0,0,0,0,0,14,10,1,25,155,0,0,255
1,245,0,1,40,150,0,0,0,0,0,0,0,0,0,25,1,0,0,0
1,246,0,1,40,0,0,0,0,0,0,0,0,0,0,25,3,0,0,0
1,247,0,1,40,0,0,0,0,0,0,0,0,0,0,25,5,0,0,0
1,248,0,1,40,0,0,0,0,0,0,0,0,0,0,25,39,0,0,0
1,249,0,1,40,0,0,0,0,0,0,0,0,0,0,25,41,0,0,0
1,250,0,1,40,0,0,0,0,0,0,0,0,0,0,25,43,556,0,0
1,251,0,1,40,0,0,0,0,0,0,0,0,0,0,25,79,0,0,0
1,252,0,0,40,150,0,0,0,0,0,0,0,0,0,25,19,0,0,0
1,253,0,1,40,0,0,0,0,0,0,0,0,0,0,25,15,0,0,0
1,254,0,1,40,0,0,0,0,0,0,0,0,0,0,25,17,0,0,0
1,255,0,0,40,0,0,0,0,0,0,0,0,0,0,25,38,0,0,0
1,256,0,1,40,0,0,0,0,0,0,0,0,0,0,25,53,0,0,0
1,257,0,1,40,0,0,0,0,0,0,0,0,0,0,25,55,556,0,0
1,258,0,1,40,0,0,0,0,0,0,0,0,0,0,25,79,0,0,0
1,259,1,1,3,25,0,0,0,0,0,0,0,0,1,25,45,0,0,0
1,260,1,1,3,0,0,4,0,0,0,0,0,0,0,8,43,0,0,0
1,261,1,1,3,0,0,5,0,0,0,0,0,0,0,8,43,0,0,0
1,262,1,1,3,0,0,6,0,0,0,0,0,0,0,8,43,0,0,0
1,263,1,1,2,0,0,4,0,0,0,0,0,0,0,8,85,0,0,0
1,264,1,1,2,0,0,5,0,0,0,0,0,0,0,8,85,0,0,0
1,265,1,1,2,0,0,6,0,0,0,0,0,0,0,8,85,0,0,0
1,266,1,1,4,0,0,4,0,0,0,0,0,0,0,8,123,0,0,0
1,267,1,1,4,0,0,5,0,0,0,0,0,0,0,8,123,0,0,0
1,268,1,1,4,0,0,6,0,0,0,0,0,0,0,8,123,0,0,0
1,269,0,1,12,0,0,0,0,0,0,0,0,0,1,8,267,0,0,0
1,270,0,1,12,0,0,0,0,0,0,0,0,0,2,8,127,0,0,145
1,271,0,1,12,0,0,0,0,0,0,0,0,0,2,8,275,463,0,0
1,272,0,1,12,0,0,0,0,0,0,0,0,0,1,23,229,0,0,0
1,273,0,1,12,0,0,0,0,0,0,0,0,0,1,8,193,0,0,144
1,274,0,1,12,0,0,0,0,0,0,0,0,0,1,23,229,0,0,0
1,275,0,1,12,0,0,0,0,0,0,0,0,0,1,23,153,0,0,0
1,276,0,1,12,0,0,0,0,0,0,0,0,0,1,23,191,0,0,0
1,277,0,1,12,0,0,0,0,0,0,0,0,0,1,23,153,0,0,0
1,278,0,1,12,0,0,0,0,0,0,0,0,0,1,23,267,0,0,0
1,279,0,1,12,0,0,0,0,0,0,0,0,0,1,23,1,0,0,0
1,280,0,1,12,0,0,0,0,0,0,0,0,0,1,23,115,0,0,0
1,281,0,1,12,0,0,0,0,0,0,0,0,0,1,23,191,0,0,0
1,282,1,1,3,0,0,2,0,0,0,0,0,0,2,8,79,0,0,59
1,283,1,1,8,0,0,2,0,0,0,0,0,0,0,8,115,0,0,5
1,284,1,1,6,25,0,2,0,0,0,0,0,0,0,8,121,0,0,0
1,285,1,1,8,250,0,2,0,0,0,0,0,0,2,8,157,0,0,24
1,286,1,1,8,50,0,2,93,0,0,0,0,0,1,8,229,0,0,0
1,287,0,1,10,50,0,0,0,0,0,0,0,0,0,8,245,0,0,0
1,288,0,1,16,0,0,0,0,0,0,0,0,0,1,8,283,0,0,0
1,289,0,1,16,50,0,0,0,0,0,0,0,0,0,22,39,0,0,0
1,290,0,1,16,0,0,0,0,0,0,0,0,0,0,22,41,0,0,0
1,291,0,1,16,0,0,0,0,0,0,0,0,0,0,22,1,0,0,0
1,292,0,1,16,0,0,0,0,0,0,0,0,0,0,22,3,0,0,0
1,293,0,1,30,100,0,0,0,0,0,0,0,0,0,22,81,0,0,0
1,294,0,1,30,0,0,0,0,0,0,0,0,0,0,22,83,0,0,0
1,295,0,1,30,0,0,0,0,0,0,0,0,0,0,22,85,0,0,0
1,296,0,1,30,0,0,0,0,0,0,0,0,0,0,22,43,0,0,0
1,297,0,1,30,0,0,0,0,0,0,0,0,0,0,22,45,0,0,0
1,298,0,1,30,0,0,0,0,0,0,0,0,0,0,22,47,0,0,0
1,299,0,1,30,0,0,0,0,0,0,0,0,0,0,22,5,0,0,0
1,300,0,1,30,0,0,0,0,0,0,0,0,0,0,22,7,0,0,0
1,301,0,1,30,0,0,0,0,0,0,0,0,0,0,22,9,0,0,0
1,302,1,1,60,25,0,0,0,0,0,0,0,0,0,13,201,0,0,0
1,303,1,1,60,25,0,0,0,0,0,0,0,0,0,13,203,0,0,0
1,304,1,1,60,50,0,0,0,0,0,0,0,0,0,13,237,0,0,0
1,305,1,1,60,50,0,0,0,0,0,0,0,0,0,13,239,0,0,0
1,306,1,1,60,75,0,0,0,0,0,0,0,0,0,13,241,0,0,0
1,307,1,1,60,100,0,0,0,0,0,0,0,0,0,13,243,0,0,0
1,308,1,1,60,150,0,0,0,0,0,0,0,0,0,13,278,0,0,151
1,309,0,1,40,75,0,0,0,0,0,0,0,0,1,23,77,0,0,0
1,310,0,1,40,0,0,0,0,0,0,0,0,0,1,23,79,0,0,0
1,311,0,1,40,0,0,0,0,0,0,0,0,0,1,23,39,0,0,0
1,312,0,1,40,0,0,0,0,0,0,0,0,0,1,23,41,0,0,0
1,313,0,1,30,50,0,0,0,0,0,0,0,0,1,20,191,0,0,0
1,314,0,1,30,0,0,0,0,0,0,0,0,0,1,20,193,0,0,0
1,315,0,1,30,0,0,0,0,0,0,0,0,0,1,20,153,0,0,0
1,316,0,1,30,0,0,0,0,0,0,0,0,0,1,20,155,0,0,0
1,317,1,0,3,0,0,2,0,0,0,0,0,0,0,8,95,0,0,0
1,318,1,0,3,0,0,4,0,0,0,0,0,0,0,8,95,0,0,0
1,319,1,0,1,0,0,3,0,0,0,0,0,0,0,8,114,0,0,0
1,320,1,0,1,0,0,5,0,0,0,0,0,0,0,8,114,0,0,0
1,321,1,0,2,0,0,4,0,0,0,0,0,0,0,8,133,0,0,0
1,322,1,0,2,0,0,6,0,0,0,0,0,0,0,8,133,0,0,0
1,323,1,0,3,0,0,3,0,0,0,0,0,0,0,8,152,0,0,0
1,324,1,0,3,0,0,5,0,0,0,0,0,0,0,8,152,0,0,0
1,325,0,1,10,20,0,0,0,0,0,0,0,0,2,23,277,0,0,145
1,326,0,1,30,50,0,0,0,0,0,0,0,0,0,23,13,0,0,0
1,327,0,1,30,0,0,0,0,0,0,0,0,0,0,23,15,0,0,0
1,328,0,1,30,0,0,0,0,0,0,0,0,0,0,23,89,0,0,0
1,329,0,1,30,0,0,0,0,0,0,0,0,0,0,23,91,0,0,0
1,330,0,1,30,0,0,0,0,0,0,0,0,0,0,23,51,0,0,0
1,331,0,1,30,0,0,0,0,0,0,0,0,0,0,23,53,0,0,0
1,332,0,1,40,75,0,0,0,0,0,0,0,0,0,20,9,0,0,0
1,333,0,1,40,0,0,0,0,0,0,0,0,0,0,20,11,0,0,0
1,334,0,1,40,0,0,0,0,0,0,0,0,0,0,20,39,0,0,0
1,335,0,1,40,0,0,0,0,0,0,0,0,0,0,20,41,0,0,0
1,336,0,1,40,0,0,0,0,0,0,0,0,0,1,20,1,0,0,0
1,337,0,1,40,0,0,0,0,0,0,0,0,0,1,20,3,0,0,0
1,338,0,1,30,100,0,0,0,0,0,0,0,0,1,20,115,0,0,0
1,339,0,1,30,0,0,0,0,0,0,0,0,0,0,20,267,0,0,0
1,340,0,1,30,0,0,0,0,0,0,0,0,0,0,20,269,0,0,0
1,341,0,1,30,0,0,0,0,0,0,0,0,0,0,20,229,0,0,0
1,342,0,1,30,0,0,0,0,0,0,0,0,0,0,20,231,0,0,0
1,343,0,1,30,75,0,0,0,0,0,0,0,0,0,20,165,0,0,0
1,344,0,1,30,0,0,0,0,0,0,0,0,0,0,20,167,0,0,0
1,345,0,1,30,0,0,0,0,0,0,0,0,0,0,20,241,0,0,0
1,346,0,1,30,0,0,0,0,0,0,0,0,0,0,20,243,0,0,0
1,347,0,1,30,0,0,0,0,0,0,0,0,0,0,20,203,0,0,0
1,348,0,1,30,0,0,0,0,0,0,0,0,0,0,20,205,0,0,0
1,349,1,1,70,50,0,0,0,0,0,0,0,0,1,13,3,0,0,0
1,350,1,1,70,50,0,0,0,0,0,0,0,0,1,13,5,0,0,0
1,351,1,1,70,50,0,0,0,0,0,0,0,0,0,13,39,0,0,0
1,352,1,1,70,50,0,0,0,0,0,0,0,0,1,13,41,0,0,0
1,353,1,1,70,50,0,0,0,0,0,0,0,0,1,13,43,0,0,0
1,354,1,1,70,50,0,0,0,0,0,0,0,0,0,13,45,0,0,0
1,355,1,1,70,50,0,0,0,0,0,0,0,0,0,13,77,0,0,0
1,356,1,1,70,50,0,0,0,0,0,0,0,0,0,13,79,511,0,0
1,357,1,1,70,50,0,0,0,0,0,0,0,0,0,13,81,511,0,0
1,358,1,1,70,50,0,0,0,0,0,0,0,0,0,13,83,0,0,0
1,359,1,1,70,50,0,0,0,0,0,0,0,0,0,13,115,511,0,0
1,360,1,1,70,50,0,0,0,0,0,0,0,0,0,13,117,0,0,0
1,361,1,1,70,50,0,0,0,0,0,0,0,0,0,13,119,0,0,0
1,362,1,1,70,50,0,0,0,0,0,0,0,0,0,13,121,511,0,0
1,363,1,1,70,50,0,0,0,0,0,0,0,0,0,13,154,0,0,0
1,364,1,1,70,50,0,0,0,0,0,0,0,0,0,13,156,0,0,0
1,365,1,1,70,50,0,0,0,0,0,0,0,0,0,13,158,0,0,0
1,366,1,1,254,1000,0,0,0,0,0,0,0,0,0,18,3,0,0,0
1,367,1,1,254,0,0,0,0,0,0,0,0,0,0,18,5,0,0,0
1,368,1,1,254,0,0,0,0,0,0,0,0,0,0,18,7,0,0,0
1,369,1,1,254,0,0,0,0,0,0,0,0,0,0,18,41,0,0,0
1,370,1,1,254,0,0,0,0,0,0,0,0,0,0,18,43,0,0,0
1,371,1,1,254,0,0,0,0,0,0,0,0,0,0,18,45,0,0,0
1,372,1,1,254,0,0,0,0,0,0,0,0,0,0,18,77,0,0,0
1,373,1,1,254,0,0,0,0,0,0,0,0,0,0,18,79,0,0,0
1,374,1,1,254,0,0,0,0,0,0,0,0,0,0,18,81,0,0,0
1,375,1,1,254,0,0,0,0,0,0,0,0,0,0,18,83,0,0,0
1,376,1,1,254,0,0,0,0,0,0,0,0,0,0,18,85,0,0,0
1,377,1,1,254,0,0,0,0,0,0,0,0,0,0,18,115,0,0,0
1,378,1,1,254,0,0,0,0,0,0,0,0,0,0,18,117,0,0,0
1,379,1,1,254,0,0,0,0,0,0,0,0,0,0,18,119,0,0,153
1,380,1,1,254,0,0,0,0,0,0,0,0,0,0,18,121,0,0,0
1,381,1,1,254,0,0,0,0,0,0,0,0,0,0,18,123,0,0,0
1,382,1,1,0,0,0,0,0,0,0,0,0,0,0,18,153,0,0,0
1,383,1,1,254,0,0,0,0,0,0,0,0,0,0,18,155,0,0,0
1,384,1,1,254,0,0,0,0,0,0,0,0,0,0,18,157,0,0,0
1,385,1,1,254,0,0,0,0,0,0,0,0,0,0,18,159,0,0,0
1,386,1,1,0,0,0,0,0,0,0,0,0,0,0,18,161,0,0,0
1,387,1,1,0,0,0,0,0,0,0,0,0,0,0,18,193,0,0,0
1,388,1,1,0,0,0,0,0,0,0,0,0,0,0,18,195,0,0,0
1,389,1,1,0,0,0,0,0,0,0,0,0,0,0,18,197,0,0,0
1,390,0,0,0,10,0,1,0,0,0,0,0,0,1,21,1,0,0,0
1,391,1,0,0,25,0,1,0,0,0,0,0,0,1,21,7,0,0,0
1,392,0,0,0,50,0,1,0,0,0,0,0,0,1,21,26,0,0,0
1,393,1,0,0,75,0,1,0,0,0,0,0,0,1,21,20,0,0,0
1,394,0,0,0,100,0,1,0,0,0,0,0,0,1,21,32,0,0,0
1,395,1,0,0,250,0,1,0,0,0,0,0,0,1,21,14,0,0,0
1,396,0,0,0,500,0,1,0,0,0,0,0,0,1,21,51,0,0,0
1,397,1,1,0,1000,0,1,0,0,0,0,0,0,1,21,39,0,0,0
1,398,0,1,0,2500,0,1,0,0,0,0,0,0,1,21,77,0,0,0
1,399,1,1,0,5000,0,1,0,0,0,0,0,0,1,21,115,0,0,0
1,400,0,1,200,0,0,0,0,0,0,0,5,0,0,24,1,0,0,0
1,401,0,1,200,0,0,0,0,0,0,0,5,0,0,24,3,0,0,154
1,402,0,1,200,0,0,0,0,0,0,0,5,0,0,24,5,0,0,0
1,403,0,1,200,0,0,0,0,0,0,0,5,0,0,24,7,0,0,0
1,404,0,1,200,0,0,0,0,0,0,0,5,0,0,24,9,0,0,154
1,405,0,1,200,0,0,0,0,0,0,0,5,0,0,24,11,0,0,0
1,406,0,1,200,0,0,0,0,0,0,0,5,0,2,24,39,0,0,154
1,407,0,1,0,0,0,0,0,0,0,0,5,0,0,24,41,0,0,154
1,408,0,1,200,0,0,0,0,0,0,0,5,0,0,24,43,0,0,154
1,409,0,1,200,0,0,0,0,0,0,0,5,0,0,24,45,0,0,154
1,410,0,1,0,0,0,0,0,0,0,0,5,0,0,24,47,0,0,154
1,411,0,1,200,0,0,0,0,0,0,0,5,0,2,24,49,0,0,154
1,412,0,1,50,250,0,0,0,0,0,0,0,0,0,12,123,0,0,0
1,413,0,1,50,0,0,0,0,0,0,0,0,0,0,12,125,0,0,0
1,414,0,1,50,0,0,0,0,0,0,0,0,0,0,12,85,0,0,0
1,415,0,1,50,0,0,0,0,0,0,0,0,0,0,12,87,0,0,0
1,416,0,1,50,0,0,0,0,0,0,0,0,0,0,12,79,0,0,0
1,417,1,1,50,0,0,0,0,0,8,4,2,2,0,12,89,0,0,0
1,418,1,1,50,0,0,0,0,0,4,2,4,4,0,12,127,0,0,0
1,419,1,1,50,0,0,0,0,0,2,2,8,4,0,12,91,0,0,0
1,420,1,1,50,0,0,0,0,0,1,1,16,8,0,12,77,0,0,0
1,421,1,1,50,0,0,0,0,0,1,1,16,8,0,12,115,0,0,0
1,422,1,1,10,150,0,0,0,0,0,0,4,0,0,12,17,0,0,0
1,423,1,1,10,0,0,0,0,0,0,0,4,0,0,12,55,0,0,0
1,424,1,1,10,0,0,0,0,0,0,0,4,0,0,12,93,0,0,0
1,425,1,1,20,0,0,0,0,0,0,0,4,0,0,12,131,0,0,0
1,426,1,1,40,0,0,0,0,0,0,0,0,0,0,27,153,0,0,0
1,427,1,1,40,0,0,0,0,0,0,0,0,0,0,27,155,0,0,0
1,428,1,1,40,0,0,0,0,0,0,0,0,0,0,27,191,0,0,0
1,429,1,1,40,0,0,0,0,0,0,0,0,0,0,27,193,0,0,0
1,430,1,1,60,0,0,0,0,0,0,0,0,0,0,27,233,0,0,0
1,431,1,1,60,0,0,0,0,0,0,0,0,0,0,27,235,0,0,0
1,432,1,1,60,0,0,0,0,0,0,0,0,0,0,27,271,0,0,0
1,433,1,1,60,0,0,0,0,0,0,0,0,0,0,27,273,0,0,0
1,434,1,1,40,0,0,0,0,0,0,0,0,0,0,4,39,0,0,0
1,435,1,1,40,0,0,0,0,0,0,0,0,0,0,4,41,0,505,0
1,436,1,1,40,0,0,0,0,0,0,0,0,0,0,4,43,0,0,0
1,437,1,1,40,0,0,0,0,0,0,0,0,0,0,4,77,0,0,0
1,438,1,1,40,0,0,0,0,0,0,0,0,0,0,4,79,0,0,0
1,439,1,1,40,0,0,0,0,0,0,0,0,0,0,4,81,0,0,0
1,440,1,1,16,0,0,0,0,0,0,0,0,0,0,8,45,0,0,0
1,441,1,1,16,0,0,0,0,0,0,0,0,0,0,8,47,0,0,0
1,442,1,1,16,0,0,0,0,0,0,0,0,0,0,8,7,0,0,0
1,443,1,1,16,0,0,0,0,0,0,0,0,0,0,8,9,0,0,0
1,444,1,0,50,0,0,0,0,0,0,0,0,0,0,8,31,0,0,0
1,445,1,1,50,0,0,0,0,0,0,0,0,0,0,8,13,0,0,0
1,446,1,0,50,0,0,0,0,0,0,0,0,0,0,8,15,0,0,0
1,447,1,0,50,0,0,0,0,0,0,0,0,0,0,8,34,0,0,0
1,448,1,1,50,0,0,0,0,0,0,0,0,0,0,8,49,0,0,0
1,449,1,1,50,0,0,0,0,0,0,0,0,0,0,8,51,0,0,0
1,450,1,1,50,0,0,0,0,0,0,0,0,0,0,8,53,0,0,0
1,451,1,0,50,0,0,0,0,0,0,0,0,0,0,8,88,0,0,0
1,452,1,1,50,0,0,0,0,0,0,0,0,0,0,8,89,0,0,0
1,453,1,1,50,0,0,0,0,0,0,0,0,0,0,8,91,0,0,0
1,454,1,0,20,0,0,0,0,0,0,0,0,0,0,4,102,0,0,0
1,455,1,0,4,5,0,0,0,0,0,0,0,0,1,23,171,4,0,0
1,456,0,1,20,75,0,0,0,0,0,0,0,0,2,8,241,455,0,0
1,457,0,1,20,50,0,0,0,0,0,0,0,0,0,20,53,458,0,0
1,458,1,0,5,15,0,3,0,0,0,0,0,0,1,20,19,0,0,0
1,459,1,1,40,150,0,0,93,0,0,0,0,0,2,23,93,460,0,0
1,460,1,0,2,7,0,5,0,0,0,0,0,0,1,20,95,0,0,0
1,461,1,1,20,20,0,1,0,0,0,0,0,0,0,8,16,0,0,0
1,462,1,1,20,25,0,1,0,0,0,0,0,0,2,8,93,0,0,116
1,463,1,1,80,0,0,4,0,0,0,0,0,0,0,8,191,0,0,0
1,464,1,1,254,0,0,0,0,0,0,2,4,3,0,9,153,0,0,0
1,465,1,1,20,0,0,0,0,0,0,2,4,3,2,9,155,0,0,59
1,466,1,1,254,0,0,0,0,0,0,0,0,0,0,9,153,0,0,0
1,467,1,1,20,0,0,0,0,0,0,0,0,0,2,9,155,0,0,59
1,468,1,1,0,0,0,0,0,0,0,-8,0,0,0,2,81,0,0,0
1,469,1,1,0,0,0,0,0,0,0,-8,0,0,0,2,83,0,0,0
1,470,1,1,0,0,0,0,0,0,0,-8,0,0,0,2,85,0,0,0
1,471,1,1,0,0,0,0,0,0,0,-8,0,0,0,2,119,0,0,0
1,472,1,1,0,0,0,0,0,0,0,-8,0,0,0,2,121,0,0,0
1,473,1,1,0,0,0,0,0,0,0,-8,0,0,0,2,123,0,0,0
1,474,0,1,0,375,0,1,0,0,0,0,0,0,0,21,241,0,0,0
1,475,0,1,0,500,0,0,0,0,0,0,0,0,0,21,243,0,0,0
1,476,1,1,0,800,0,1,0,0,0,0,0,0,0,21,245,0,0,0
1,477,1,1,8,25,0,1,0,0,0,0,0,0,0,9,195,479,395,0
1,478,1,1,4,15,0,1,0,0,0,0,0,0,0,9,233,0,394,0
1,479,1,1,1,5,0,0,94,94,0,0,0,0,0,9,235,0,0,0
1,480,1,1,254,0,0,0,0,0,0,0,0,0,0,10,153,0,0,0
1,481,1,1,254,0,0,0,0,0,0,0,0,0,0,10,155,0,0,0
1,482,1,1,254,0,0,0,0,0,0,0,0,0,0,10,157,0,0,0
1,483,1,1,254,0,0,0,0,0,0,0,0,0,0,10,159,0,0,0
1,484,1,1,254,0,0,0,0,0,0,0,0,0,0,10,161,0,0,0
1,485,1,1,254,0,0,0,0,0,0,0,0,0,0,10,163,0,0,0
1,486,1,1,254,0,0,0,0,0,0,0,0,0,0,10,191,0,0,0
1,487,1,1,254,0,0,0,0,0,0,0,0,0,0,10,193,0,0,0
1,488,1,1,254,0,0,0,0,0,0,0,0,0,0,10,195,501,0,0
1,489,1,1,254,0,0,0,0,0,0,0,0,0,0,10,197,501,0,0
1,490,1,1,254,0,0,0,0,0,0,0,0,0,0,10,199,0,0,0
1,491,1,1,254,0,0,0,0,0,0,0,0,0,0,10,201,0,0,0
1,492,1,1,254,0,0,0,0,0,0,0,0,0,0,10,230,0,0,0
1,493,1,1,254,0,0,0,0,0,0,0,0,0,2,10,232,500,0,59
1,494,1,1,254,750,0,0,0,0,0,0,0,0,0,10,234,501,0,0
1,495,1,1,254,0,0,0,0,0,0,0,0,0,2,10,236,500,0,59
1,496,1,1,254,0,0,0,0,0,0,0,0,0,0,10,238,0,0,0
1,497,1,1,254,0,0,0,0,0,0,0,0,0,0,10,270,0,0,0
1,498,1,1,254,0,0,0,0,0,0,0,0,0,0,10,272,0,0,0
1,499,1,1,254,0,0,0,0,0,0,0,0,0,0,10,274,0,0,0
1,500,1,1,10,25,0,2,0,0,0,0,0,0,0,10,169,0,0,252
1,501,1,0,6,5,0,0,0,0,0,0,0,0,1,10,171,4,0,0
1,502,0,0,0,150,0,1,0,0,0,0,0,0,0,21,37,0,0,0
1,503,1,0,0,300,0,1,0,0,0,0,0,0,0,21,75,0,0,0
1,504,0,0,0,500,0,1,0,0,0,0,0,0,0,21,113,0,0,0
1,505,1,0,0,750,0,1,0,0,0,0,0,0,0,21,19,0,0,0
1,506,1,0,0,1000,0,1,0,0,0,0,0,0,0,21,38,0,0,0
1,507,0,0,0,2000,0,1,0,0,0,0,0,0,0,21,57,0,0,0
1,508,0,0,0,50,0,1,0,0,0,0,0,0,0,21,76,0,0,0
1,509,0,0,0,250,0,1,0,0,0,0,0,0,0,21,95,0,0,0
1,510,0,0,0,500,0,1,0,0,0,0,0,0,0,21,114,0,0,0
1,511,1,0,2,10,0,0,0,0,0,0,0,0,1,13,19,2,0,0
1,512,1,1,0,1,0,0,0,0,0,0,0,0,1,21,191,0,0,0
1,513,1,1,0,1,0,1,0,0,0,0,0,0,1,21,159,0,0,0
1,514,1,1,12,25,0,0,0,0,0,0,0,0,0,7,163,515,0,0
1,515,1,0,5,0,0,3,0,0,0,0,0,0,1,7,190,0,0,0
1,516,0,1,20,50,0,0,0,0,0,0,0,0,0,9,1,0,0,0
1,517,0,1,20,0,0,0,0,0,0,0,0,0,0,9,3,0,0,0
1,518,0,1,20,0,0,0,0,0,0,0,0,0,0,9,5,0,0,0
1,519,0,1,20,0,0,0,0,0,0,0,0,0,0,9,39,0,0,0
1,520,0,1,20,0,0,0,0,0,0,0,0,0,0,9,41,0,0,0
1,521,0,1,20,0,0,0,0,0,0,0,0,0,0,9,43,0,0,0
1,522,0,1,40,10015,0,0,0,0,0,0,0,0,0,9,1,0,0,0
1,523,0,1,40,10015,0,0,0,0,0,0,0,0,0,9,3,0,0,0
1,524,0,1,40,10015,0,0,0,0,0,0,0,0,0,9,5,0,0,0
1,525,0,1,40,10015,0,0,0,0,0,0,0,0,0,9,39,0,0,0
1,526,0,1,40,10015,0,0,0,0,0,0,0,0,0,9,41,0,0,0
1,527,0,1,40,10015,0,0,0,0,0,0,0,0,0,9,43,0,0,0
1,528,0,1,20,100,0,0,0,0,0,0,0,0,0,8,153,0,0,0
1,529,1,1,15,50,0,2,0,0,0,0,0,0,2,8,163,530,0,0
1,530,1,0,4,5,0,5,0,0,0,0,0,0,1,8,171,0,0,0
1,531,1,1,8,30,0,2,0,0,0,0,0,0,2,8,79,532,0,0
1,532,1,0,3,30,0,2,0,0,0,0,0,0,1,8,228,4,0,0
1,533,1,1,0,-1,0,1,0,0,0,0,0,0,1,21,165,0,0,0
1,534,1,1,0,-2,0,1,0,0,0,0,0,0,1,21,203,0,0,0
1,535,1,1,0,-3,0,1,0,0,0,0,0,0,1,21,153,0,0,0
1,536,0,1,100,100,0,0,0,0,0,0,0,0,0,17,45,0,0,0
1,537,0,1,100,100,0,0,0,0,0,0,0,0,0,17,47,0,0,0
1,538,0,1,100,100,0,0,0,0,0,0,0,0,0,17,49,0,0,0
1,539,0,1,100,100,0,0,0,0,0,0,0,0,0,17,83,543,0,116
1,540,0,1,100,100,0,0,0,0,0,0,0,0,2,17,85,0,0,154
1,541,0,1,100,100,0,0,0,0,0,0,0,0,0,17,87,544,0,115
1,542,0,1,255,100,0,0,0,0,0,0,0,0,0,17,1,0,0,0
1,543,1,0,4,5,-2,5,0,0,0,0,0,0,1,8,171,0,0,0
1,544,1,0,4,5,2,5,0,0,0,0,0,0,1,8,171,0,0,0
1,545,0,1,5,10,0,0,0,0,0,0,0,0,0,8,77,0,0,0
1,546,0,1,80,0,0,0,0,0,0,15,0,3,1,23,203,0,0,63
1,547,0,1,80,0,0,0,0,0,0,15,0,3,1,23,205,0,0,63
1,548,0,1,80,0,0,0,0,0,0,15,0,3,1,23,165,0,0,63
1,549,0,1,80,0,0,0,0,0,0,15,0,3,1,23,167,0,0,63
1,550,0,1,80,250,0,0,0,0,0,15,0,3,0,23,267,551,0,76
1,551,1,0,4,5,0,1,0,0,0,6,0,0,1,8,171,94,0,0
1,552,0,1,0,0,0,0,0,0,0,0,0,0,1,5,17,0,0,253
1,553,0,1,0,0,0,0,0,0,0,0,0,0,1,5,93,0,0,254
1,554,1,1,10,50,0,0,0,0,0,0,0,0,1,5,169,0,0,0
1,555,1,1,20,75,0,0,0,0,0,0,0,0,1,9,201,0,0,0
1,556,0,0,3,10,1,-1,0,0,-16,10,0,0,0,7,19,0,0,0
1,557,0,0,3,10,0,0,0,0,0,0,0,0,0,7,38,0,0,0
1,558,0,0,3,10,0,0,0,0,0,0,0,0,0,7,57,0,0,0
1,559,0,1,30,10,0,0,0,0,0,0,0,0,2,7,49,0,0,63
1,560,0,1,5,100,0,5,0,0,0,-8,0,0,0,21,279,0,0,0
1,561,1,1,0,20002,0,1,0,0,0,0,0,0,0,21,127,0,0,0
1,562,1,1,0,20004,0,1,0,0,0,0,0,0,0,21,129,0,0,0
1,563,1,1,0,20008,0,1,0,0,0,0,0,0,0,21,131,0,0,0
1,564,1,1,255,50,0,0,0,0,0,0,0,0,0,5,283,0,0,0
1,565,1,1,20,50,0,0,0,0,0,0,0,0,0,5,281,0,0,0
1,566,1,1,255,0,0,0,0,0,0,0,0,0,1,5,167,0,0,0
1,567,1,1,20,200,0,0,0,0,0,0,0,0,1,5,165,0,0,255
1,568,0,1,30,250,0,0,0,0,0,0,0,0,0,23,269,455,0,0
1,569,0,1,6,100,7,0,0,0,-1,1,-7,7,1,17,117,0,0,0
1,570,0,1,254,100,0,7,0,0,-1,1,-7,7,0,17,115,0,0,0
1,571,0,1,254,100,0,-7,0,0,1,-1,7,-7,0,17,115,0,0,0
1,572,0,1,254,100,-7,0,0,0,1,-1,7,-7,0,17,115,0,0,0
1,573,0,1,25,50,0,0,0,0,0,0,0,0,0,8,165,0,0,0
1,574,0,1,25,50,0,0,0,0,0,0,0,0,0,20,127,0,0,0
1,575,0,1,25,50,0,0,0,0,0,0,0,0,0,8,155,0,0,0
1,576,0,1,25,50,0,0,0,0,0,0,0,0,0,20,123,0,0,0
1,577,1,1,0,10020,0,0,0,0,0,0,0,0,1,20,85,0,0,0
1,578,1,1,255,10,0,5,0,0,-1,2,-10,5,0,17,115,0,0,0
1,579,1,1,255,10,0,-5,0,0,1,-2,10,-5,0,17,115,0,0,0
1,580,1,1,255,10,0,7,0,0,-1,2,-14,7,0,17,115,0,0,0
1,581,1,1,255,10,0,-7,0,0,1,-2,14,-7,0,17,115,0,0,0
1,582,1,1,6,25,5,0,0,0,-2,2,-5,5,1,17,117,0,0,0
1,583,1,1,255,10,0,5,0,0,-2,2,-5,5,0,17,115,0,0,0
1,584,1,1,255,10,0,-5,0,0,2,-2,5,-5,0,17,115,0,0,0
1,585,1,1,255,10,-5,0,0,0,2,-2,5,-5,0,17,115,0,0,0
1,586,1,1,255,0,0,0,0,0,0,0,0,0,0,23,1,0,0,0
1,587,1,1,255,0,0,0,0,0,0,0,0,0,0,23,3,0,0,0
1,588,1,1,255,0,0,0,0,0,0,0,0,0,0,23,7,0,0,0
1,589,1,1,20,100,0,0,0,0,0,0,0,0,1,23,115,0,0,0
1,590,1,1,10,150,3,0,0,0,1,0,7,0,2,23,93,592,0,0
1,591,1,1,0,10020,0,0,0,0,0,0,0,0,1,20,85,0,0,0
1,592,1,0,3,10,0,4,0,0,0,0,0,0,1,23,9,0,0,0
1,593,1,1,0,10022,0,0,0,0,0,0,0,0,1,20,85,0,0,0
1,594,1,1,8,25,0,1,0,0,0,0,0,0,1,3,51,0,0,0
1,595,1,1,4,20,0,0,0,0,0,0,0,0,0,15,81,0,0,0
1,596,1,0,3,15,0,0,0,0,0,0,0,0,1,8,247,4,0,0
1,597,0,1,6,25,0,0,0,0,0,0,0,0,1,17,117,0,0,0
1,598,1,1,1,80,0,0,0,0,0,0,0,0,2,7,155,0,0,76
1,599,1,1,255,85,0,0,0,0,0,0,0,0,1,7,165,0,0,0
1,600,1,1,1,200,0,-1,0,0,0,0,0,0,2,7,191,0,0,76
1,601,1,1,1,200,0,-1,0,0,0,0,0,0,2,7,191,0,0,76
1,602,1,1,0,30001,4,1,0,0,4,0,4,0,0,26,153,0,0,0
1,603,1,1,0,30002,4,1,0,0,4,0,4,0,0,26,155,0,0,0
1,604,1,1,0,30003,4,1,0,0,4,0,4,0,0,26,157,0,0,0
1,605,1,1,0,30004,4,1,0,0,4,0,4,0,0,26,159,0,0,0
1,606,1,1,0,30005,4,1,0,0,4,0,4,0,0,26,161,0,0,0
1,607,1,1,0,30013,4,1,0,0,4,0,4,0,0,26,163,0,0,0
1,608,1,1,0,30007,4,1,0,0,4,0,4,0,0,26,165,0,0,0
1,609,1,1,0,30008,4,1,0,0,4,0,4,0,0,26,167,0,0,0
1,610,1,1,0,31009,4,1,0,0,4,0,4,0,0,26,169,0,0,0
1,611,1,1,0,31010,4,1,0,0,4,0,4,0,0,26,191,0,0,0
1,612,1,1,0,31011,4,1,0,0,4,0,4,0,0,26,193,0,0,0
1,613,1,1,0,31012,4,1,0,0,4,0,4,0,0,26,195,0,0,0
1,614,1,1,0,31014,4,1,0,0,4,0,4,0,0,26,197,0,0,0
1,615,1,1,0,31015,4,1,0,0,4,0,4,0,0,26,199,0,0,0
1,616,1,1,0,30017,4,1,0,0,4,0,4,0,0,26,201,0,0,0
1,617,1,1,0,30020,4,1,0,0,4,0,4,0,0,26,203,0,0,0
1,618,1,1,0,32001,4,1,0,0,4,0,4,0,0,26,205,0,0,0
1,619,1,1,0,32002,4,1,0,0,4,0,4,0,0,26,207,0,0,0
1,620,1,1,0,32003,4,1,0,0,4,0,4,0,0,26,229,0,0,0
1,621,1,1,0,32004,4,1,0,0,4,0,4,0,0,26,231,0,0,0
1,622,1,1,0,32007,4,1,0,0,4,0,4,0,0,26,233,0,0,0
1,623,1,1,0,32010,4,1,0,0,4,0,4,0,0,26,235,0,0,0
1,624,1,1,0,32006,4,1,0,0,4,0,4,0,0,26,237,0,0,0
1,625,1,1,0,32013,4,1,0,0,4,0,4,0,0,26,239,0,0,0
1,626,1,1,0,32015,4,1,0,0,4,0,4,0,0,26,241,0,0,0
1,627,1,1,0,31021,4,1,0,0,4,0,4,0,0,26,243,0,0,0
1,628,1,1,0,30000,4,1,0,0,4,0,4,0,0,26,41,0,0,0
1,629,1,1,0,31022,4,1,0,0,4,0,4,0,0,26,245,0,0,0
1,630,1,1,0,0,0,0,0,0,0,0,0,0,0,22,153,0,0,0
1,631,1,1,255,0,0,0,0,0,0,0,0,0,0,22,155,0,0,0
1,632,1,1,255,0,0,0,0,0,0,0,0,0,0,22,157,0,0,0
1,633,1,1,255,0,0,0,0,0,0,0,0,0,0,22,191,0,0,0
1,634,1,1,255,0,0,0,0,0,0,0,0,0,0,22,193,0,0,0
1,635,1,1,0,0,0,0,0,0,0,0,0,0,0,22,195,0,0,0
1,636,1,1,255,0,0,0,0,0,0,0,0,0,0,22,229,0,0,0
1,637,1,1,255,0,0,0,0,0,0,0,0,0,0,22,231,0,0,0
1,638,1,1,0,0,0,0,0,0,0,0,0,0,0,22,233,0,0,0
1,639,1,1,0,0,0,0,0,0,0,0,0,0,0,22,267,0,0,0
1,640,1,1,255,0,0,0,0,0,0,0,0,0,0,22,269,0,0,0
1,641,1,1,0,0,0,0,0,0,0,0,0,0,0,22,271,0,0,0
1,642,1,1,255,0,0,0,0,0,0,0,0,0,0,22,159,0,0,0
1,643,1,1,255,0,0,0,0,0,0,0,0,0,0,22,161,0,0,0
1,644,1,1,255,0,0,0,0,0,0,0,0,0,0,22,163,0,0,0
1,645,1,1,0,0,0,0,0,0,0,0,0,0,0,22,165,0,0,0
1,646,1,1,0,0,0,0,0,0,0,0,0,0,0,22,197,0,0,0
1,647,1,1,0,0,0,0,0,0,0,0,0,0,0,22,199,0,0,0
1,648,1,1,255,0,0,0,0,0,0,0,0,0,0,22,201,0,0,0
1,649,1,1,255,0,0,0,0,0,0,0,0,0,0,22,203,0,0,0
1,650,1,1,0,0,0,0,0,0,0,0,0,0,0,22,235,0,0,0
1,651,1,1,0,0,0,0,0,0,0,0,0,0,0,22,237,0,0,0
1,652,1,1,255,0,0,0,0,0,0,0,0,0,0,22,239,0,0,0
1,653,1,1,0,0,0,0,0,0,0,0,0,0,0,22,241,0,0,0
1,654,1,1,0,0,0,0,0,0,0,0,0,0,0,22,273,0,0,0
1,655,1,1,255,0,0,0,0,0,0,0,0,0,0,22,275,0,0,0
1,656,1,1,255,0,0,0,0,0,0,0,0,0,0,22,277,0,0,0
1,657,1,1,0,0,0,0,0,0,0,0,0,0,0,22,279,0,0,0
1,658,1,1,25,500,0,0,0,0,0,0,0,0,1,22,167,0,0,0
1,659,1,1,25,250,0,0,0,0,0,0,0,0,1,22,169,0,0,0
1,660,1,0,2,5,0,2,0,0,0,3,0,0,0,22,171,0,0,0
1,661,1,0,2,5,0,2,0,0,0,3,0,0,0,22,190,0,0,0
1,662,1,1,30,250,0,0,0,0,0,0,0,0,0,9,77,0,0,0
1,663,1,1,30,0,0,0,0,0,0,0,0,0,0,9,79,0,0,0
1,664,1,1,30,0,0,0,0,0,0,0,0,0,0,9,81,0,0,0
1,665,1,1,30,0,0,0,0,0,0,0,0,0,0,9,83,0,0,0
1,666,1,1,30,0,0,0,0,0,0,0,0,0,0,9,115,0,0,0
1,667,1,1,30,0,0,0,0,0,0,0,0,0,0,9,117,0,0,0
1,668,1,1,30,0,0,0,0,0,0,0,0,0,0,9,119,0,0,0
1,669,1,1,30,0,0,0,0,0,0,0,0,0,0,9,121,0,0,0
1,670,1,1,30,250,0,0,0,0,0,0,0,0,0,9,85,0,0,0
1,671,1,1,30,0,0,0,0,0,0,0,0,0,0,9,87,0,0,0
1,672,1,1,30,0,0,0,0,0,0,0,0,0,0,9,89,0,0,0
1,673,1,1,30,0,0,0,0,0,0,0,0,0,0,9,91,0,0,0
1,674,1,1,30,0,0,0,0,0,0,0,0,0,0,9,123,0,0,0
1,675,1,1,30,0,0,0,0,0,0,0,0,0,0,9,125,0,0,0
1,676,1,1,30,0,0,0,0,0,0,0,0,0,0,9,127,0,0,0
1,677,1,1,30,0,0,0,0,0,0,0,0,0,0,9,129,0,0,0
1,678,1,1,10,25,0,2,0,0,0,0,0,0,1,9,277,0,0,0
1,679,1,1,255,0,0,3,0,0,0,0,0,0,0,9,199,0,0,0
1,680,1,1,255,0,0,3,0,0,0,0,0,0,0,9,237,0,0,0
1,681,1,1,10,50,0,1,0,0,20,0,2,0,1,9,277,0,0,0
1,682,1,1,20,100,0,3,0,0,0,0,0,0,0,9,191,0,0,0
1,683,1,1,20,0,0,3,0,0,0,0,0,0,0,9,193,0,0,0
1,684,1,1,20,0,0,3,0,0,0,0,0,0,0,9,229,0,0,0
1,685,1,1,20,0,0,3,0,0,0,0,0,0,0,9,231,0,0,0
1,686,1,1,15,100,0,1,0,0,0,0,0,0,0,9,195,687,395,149
1,687,1,1,1,5,0,-2,94,0,0,20,0,0,0,9,235,0,0,0
1,688,1,1,0,10014,0,0,0,0,0,0,0,0,1,20,85,0,0,0
1,689,1,1,2,0,0,2,0,0,0,0,0,0,2,8,79,0,0,59
1,690,1,1,0,10018,0,0,0,0,0,0,0,0,1,20,85,0,0,0
1,691,1,0,2,5,0,2,0,0,0,0,0,0,0,4,83,0,0,0
1,692,1,0,2,5,0,3,0,0,0,0,0,0,0,4,84,0,0,0
1,693,1,0,2,5,0,4,0,0,0,0,0,0,0,4,103,0,0,0
1,694,1,0,2,5,0,5,0,0,0,0,0,0,0,4,122,0,0,0
1,695,1,1,0,10024,0,0,0,0,0,0,0,0,1,20,123,0,0,0
1,696,1,1,0,0,0,0,0,0,0,0,0,0,0,9,197,0,0,136
1,697,1,1,0,0,0,0,0,0,0,0,0,0,0,9,197,0,0,136
1,698,1,1,255,0,0,0,0,0,0,0,0,0,0,9,197,709,0,0
1,699,1,1,255,0,0,0,0,0,0,0,0,0,0,9,197,0,0,0
1,700,1,1,10,50,0,3,0,0,0,0,0,0,1,5,169,0,0,0
1,701,1,1,20,100,0,2,0,0,0,0,0,0,1,5,167,0,0,0
1,702,1,1,10,20,0,2,0,0,0,0,0,0,0,15,276,0,0,0
1,703,1,1,20,75,0,2,0,0,0,0,0,0,0,15,245,0,0,0
1,704,1,1,5,25,0,2,0,0,0,0,0,0,0,15,207,0,0,0
1,705,1,1,10,50,0,2,0,0,0,0,0,0,0,15,169,0,0,0
1,706,1,1,18,200,0,2,0,0,0,0,0,0,0,15,278,710,0,0
1,707,1,1,30,100,0,2,0,0,0,0,0,0,0,15,283,0,0,133
1,708,1,1,40,150,0,2,0,0,0,0,0,0,0,15,281,533,0,0
1,709,1,1,30,100,0,5,0,0,0,0,0,0,1,15,115,0,0,0
1,710,1,0,5,10,0,6,0,0,0,0,0,0,0,15,171,0,0,0
1,711,1,1,0,0,0,0,0,0,0,0,0,0,0,15,121,0,0,0
1,712,1,1,0,0,0,0,0,0,0,0,0,0,0,15,123,0,0,0
1,713,1,1,255,0,0,4,0,0,0,0,0,0,0,15,13,0,0,0
1,714,1,1,255,0,0,4,0,0,0,0,0,0,0,15,15,0,0,0
1,715,1,1,255,0,0,4,0,0,0,0,0,0,0,15,17,0,0,0
1,716,1,1,255,0,0,4,0,0,0,0,0,0,0,15,51,0,0,0
1,717,1,1,255,0,0,4,0,0,0,0,0,0,0,15,53,0,0,0
1,718,1,1,255,0,0,4,0,0,0,0,0,0,0,15,55,0,0,0
1,719,1,1,255,0,0,4,0,0,0,0,0,0,0,15,89,0,0,0
1,720,1,1,255,0,0,4,0,0,0,0,0,0,0,15,91,0,0,0
1,721,1,1,255,0,0,4,0,0,0,0,0,0,0,15,93,0,0,0
1,722,1,1,255,0,0,0,0,0,0,0,0,0,0,15,161,0,0,0
1,723,1,1,255,0,0,0,0,0,0,0,0,0,0,15,163,0,0,0
1,724,1,1,255,0,0,0,0,0,0,0,0,0,0,15,199,0,0,0
1,725,1,1,255,0,0,0,0,0,0,0,0,0,0,15,237,0,0,0
1,726,1,1,255,0,0,0,0,0,0,0,0,0,0,15,238,0,0,0
1,727,1,1,255,0,0,0,0,0,0,0,0,0,0,15,165,0,0,0
1,728,1,1,255,0,0,0,0,0,0,0,0,0,0,15,167,0,0,0
1,729,1,1,255,0,0,0,0,0,0,0,0,0,0,15,205,0,0,0
1,730,1,1,255,0,0,0,0,0,0,0,0,0,0,15,242,0,0,0
1,731,1,1,255,0,0,0,0,0,0,0,0,0,0,15,243,0,0,0
1,732,1,1,50,0,0,0,0,0,0,0,0,0,2,15,153,0,0,150
1,733,1,1,50,0,0,0,0,0,0,0,0,0,2,15,191,0,0,150
1,734,1,1,255,0,0,0,0,0,0,0,0,0,0,15,195,0,0,0
1,735,1,1,60,0,0,0,0,0,0,0,0,0,0,19,156,0,0,133
1,736,1,1,60,0,0,0,0,0,0,0,0,0,0,19,164,0,0,133
1,737,1,1,60,0,0,0,0,0,0,0,0,0,2,19,191,703,0,0
1,738,1,1,60,0,0,0,0,0,0,0,0,0,2,19,193,703,0,0
1,739,0,1,0,0,0,0,0,0,0,0,0,0,1,12,165,0,0,0
1,740,0,1,0,0,0,0,0,0,0,0,0,0,1,12,167,0,0,0
1,741,0,1,0,0,0,0,0,0,0,0,0,0,1,12,169,0,0,0
1,742,0,1,0,0,0,0,0,0,0,0,0,0,1,12,203,0,0,0
1,743,0,1,0,0,0,0,0,0,0,0,0,0,1,12,205,0,0,0
1,744,0,1,0,0,0,0,0,0,0,0,0,0,1,12,207,0,0,0
1,745,0,1,10,50,0,0,0,0,0,0,0,0,1,14,43,0,0,0
1,746,0,1,10,0,0,0,0,0,0,0,0,0,0,14,45,0,0,0
1,747,0,1,10,0,0,0,0,0,0,0,0,0,1,14,5,0,0,0
1,748,0,1,10,0,0,0,0,0,0,0,0,0,0,14,7,0,0,0
1,749,0,1,12,25,0,0,0,0,0,0,0,0,2,14,77,0,0,110
1,750,0,1,6,10,0,0,0,0,0,0,0,0,0,14,1,0,0,0
1,751,0,1,15,50,0,0,0,0,0,0,0,0,2,14,83,0,0,63
1,752,1,0,20,0,4,0,0,0,0,0,0,0,1,14,19,0,0,0
1,753,0,1,20,0,0,0,0,0,0,0,0,0,2,11,229,0,0,0
1,754,0,1,20,50,0,0,0,0,0,0,0,0,2,11,231,752,0,0
1,755,1,0,20,0,-4,0,0,0,0,0,0,0,1,14,19,0,0,0
1,756,0,1,20,50,0,0,0,0,0,0,0,0,2,11,267,755,0,0
1,757,0,1,20,0,0,0,0,0,0,0,0,0,2,11,269,0,0,0
1,758,0,1,20,25,0,0,0,0,0,0,0,0,2,11,153,0,0,0
1,759,0,1,20,0,0,0,0,0,0,0,0,0,2,11,191,0,0,133
1,760,1,1,40,50,0,1,0,0,0,0,0,0,0,14,117,533,0,0
1,761,1,1,40,50,0,1,0,0,0,0,0,0,0,14,117,394,0,0
1,762,1,0,20,0,-3,-3,0,0,0,0,0,0,1,14,19,0,0,0
1,763,0,1,0,0,0,0,0,0,0,0,0,0,2,14,119,762,0,0
1,764,0,1,40,0,0,0,0,0,0,0,0,0,2,14,89,0,0,0
1,765,0,1,40,50,0,0,0,0,0,0,0,0,0,14,127,0,0,0
1,766,0,1,40,50,0,0,0,0,0,0,0,0,2,14,129,0,0,0
1,767,1,0,20,0,3,-3,0,0,0,0,0,0,1,14,19,0,0,0
1,768,0,1,40,0,0,0,0,0,0,0,0,0,2,11,165,0,0,0
1,769,0,1,0,0,0,0,0,0,0,0,0,0,2,11,167,767,0,0
1,770,0,1,40,50,0,0,0,0,0,0,0,0,2,11,203,0,0,0
1,771,0,1,40,50,0,0,0,0,0,0,0,0,0,11,205,0,0,0
1,772,1,1,254,50,0,0,0,0,0,0,0,0,2,14,193,0,0,76
1,773,1,1,254,50,0,0,0,0,0,0,0,0,2,14,195,0,0,76
1,774,1,1,254,50,0,0,0,0,0,0,0,0,2,14,241,0,0,0
1,775,1,1,254,50,0,0,0,0,0,0,0,0,2,14,243,0,0,0
1,776,1,1,10,50,0,0,0,0,0,0,0,0,1,17,89,0,0,132
1,777,1,1,6,25,0,0,0,0,0,0,0,0,0,17,125,0,0,0
1,778,1,1,15,25,0,0,0,0,0,0,0,0,1,11,49,0,0,0
1,779,1,1,255,25,0,0,0,0,0,0,0,0,1,5,277,0,0,0
1,780,1,1,100,150,0,0,0,0,0,0,0,0,0,5,229,0,0,0
1,781,1,1,0,0,0,0,0,0,0,0,0,0,0,5,237,0,0,0
1,782,1,1,100,150,0,0,0,0,0,0,0,0,0,5,267,0,0,0
1,783,1,1,0,0,0,0,0,0,0,0,0,0,0,5,275,0,0,0
1,784,1,1,0,0,0,0,0,0,0,0,0,0,0,5,7,0,0,0
1,785,1,1,100,150,0,0,0,0,0,0,0,0,0,5,9,0,0,0
1,786,1,1,0,0,0,0,0,0,0,0,0,0,0,5,45,0,0,0
1,787,1,1,100,150,0,0,0,0,0,0,0,0,0,5,47,0,0,0
1,788,1,1,0,0,0,0,0,0,0,0,0,0,0,5,49,0,0,0
1,789,1,1,0,0,0,0,0,0,0,0,0,0,0,5,51,0,0,0
1,790,1,1,20,100,0,0,0,0,0,0,0,0,1,28,1,0,0,0
1,791,1,1,20,0,0,0,0,0,0,0,0,0,1,28,39,0,0,0
1,792,1,1,8,25,3,-3,0,0,0,0,0,0,0,28,12,0,0,0
1,793,1,1,8,25,-3,-3,0,0,0,0,0,0,0,28,50,0,0,0
1,794,1,1,8,25,0,-3,0,0,0,0,0,0,0,28,10,0,0,0
1,795,1,1,8,25,0,1,0,0,0,0,0,0,0,12,284,0,0,131
1,796,1,1,254,50,0,1,0,0,0,0,0,0,0,28,89,0,0,131
1,797,1,1,254,100,0,1,0,0,0,0,0,0,2,28,91,799,0,131
1,798,1,1,254,50,0,1,0,0,0,0,0,0,0,28,93,0,0,131
1,799,1,1,20,25,0,1,92,0,0,0,0,0,1,28,123,0,0,131
1,800,1,1,0,-4,0,1,0,0,0,0,0,0,0,21,89,0,0,0
1,801,1,1,0,-5,0,1,0,0,0,0,0,0,0,21,92,0,0,0
1,802,1,1,2,25,0,0,94,94,2,2,5,5,1,28,153,1,0,0
1,803,1,1,4,40,0,1,0,0,0,0,0,0,1,28,191,3,0,131
1,804,1,0,0,0,0,1,0,0,0,0,0,0,0,28,19,0,0,131
1,805,1,0,0,0,0,1,0,0,0,0,0,0,0,28,38,0,0,131
1,806,1,0,0,0,0,1,0,0,0,0,0,0,0,28,57,0,0,131
1,807,1,1,20,100,0,1,0,0,0,0,0,0,2,28,91,802,0,131
1,808,1,1,20,100,0,1,0,0,0,0,0,0,2,28,91,803,0,131
1,809,1,1,3,0,0,-2,0,0,0,0,0,0,0,11,163,0,0,131
1,810,1,1,254,0,0,2,0,0,0,0,0,0,0,28,8,0,0,0
1,811,1,1,30,50,0,2,0,0,0,0,0,0,0,28,159,812,0,0
1,812,1,0,6,10,0,3,0,0,0,0,0,0,0,28,171,0,0,0
1,813,1,1,10,25,0,-2,0,0,0,0,0,0,0,28,163,0,0,0
1,814,1,1,10,50,0,2,0,0,0,0,0,0,0,28,165,0,0,0
1,815,1,1,20,50,0,1,0,0,0,0,0,0,2,28,197,816,0,0
1,816,1,0,3,10,0,0,0,0,0,0,0,0,1,28,190,4,0,0
1,817,1,1,20,50,0,-2,0,0,0,0,0,0,0,28,161,0,0,0
1,818,1,1,20,50,0,1,0,0,0,0,0,0,0,28,48,0,0,68
1,819,0,1,15,50,0,0,0,0,0,0,0,0,2,29,125,0,0,62
1,820,0,1,15,100,0,0,0,0,0,0,0,0,2,29,153,0,0,70
1,821,0,1,15,50,0,0,0,0,0,0,0,0,2,29,229,0,0,69
1,822,1,1,4,10,0,1,0,0,0,0,0,0,1,9,13,0,0,0
1,823,1,1,0,10027,0,0,0,0,0,0,0,0,1,20,85,0,0,0
1,824,1,1,6,50,0,0,0,0,0,0,0,0,0,10,3,0,825,0
1,825,1,1,10,0,0,0,0,0,1,6,3,0,0,10,3,0,394,12
1,826,1,1,2,0,0,2,0,0,0,0,0,0,0,8,117,0,0,68
1,827,1,1,0,30031,4,1,0,0,4,0,4,0,0,26,267,0,0,0
1,828,1,1,0,30027,4,1,0,0,4,0,4,0,0,26,269,0,0,0
1,829,1,1,0,32101,4,1,0,0,4,0,4,0,0,26,271,0,0,0
1,830,1,1,0,32102,4,1,0,0,4,0,4,0,0,26,273,0,0,0
1,831,1,1,0,32103,4,1,0,0,4,0,4,0,0,26,275,0,0,0
1,832,1,1,0,32104,4,1,0,0,4,0,4,0,0,26,277,0,0,0
1,833,1,1,0,32105,4,1,0,0,4,0,4,0,0,26,121,0,0,0
1,834,1,1,0,32106,4,1,0,0,4,0,4,0,0,26,123,0,0,0
1,835,1,1,250,5000,0,0,0,0,0,0,0,0,2,29,123,836,0,68
1,836,1,1,8,25,0,4,0,0,0,0,0,0,1,11,49,0,0,0
1,837,1,1,50,10,0,0,0,0,0,0,0,0,0,17,1,0,0,0
1,838,0,1,10,75,0,0,0,0,0,0,0,0,2,5,91,839,0,0
1,839,1,0,20,5,-3,3,0,0,0,0,0,0,1,14,19,0,0,0
1,840,0,1,15,75,0,0,0,0,0,0,0,0,2,10,39,841,0,0
1,841,1,1,25,10,4,0,0,0,0,0,0,0,1,5,277,0,0,0
1,842,0,1,6,75,0,0,0,0,0,0,0,0,0,5,89,0,0,0
1,843,1,1,0,10030,0,1,0,0,0,0,0,0,1,20,85,0,0,0
1,844,1,1,20,250,0,0,0,0,0,0,0,0,0,23,271,0,0,72
1,845,1,1,10,0,0,0,0,0,0,0,0,0,0,17,15,0,503,0
1,846,1,1,10,50,0,0,0,0,0,0,0,0,0,17,17,850,0,0
1,847,1,1,10,100,0,0,0,0,0,0,0,0,0,17,53,0,0,0
1,848,1,1,20,2000,0,0,0,0,0,0,0,0,0,17,55,0,0,0
1,849,1,1,255,100,0,0,0,0,0,0,0,0,0,17,1,0,0,0
1,850,1,1,15,0,0,0,0,0,0,0,0,0,1,17,129,4,0,0
2,0,1,1,1,0,0,0,0,0,0,0,0,0,0,0,0,0,0,0
2,1,1,1,254,2250,0,0,0,0,0,0,0,0,2,2,1,2,0,127
2,2,1,1,10,25,0,5,0,0,0,0,0,0,0,10,169,0,0,252
2,3,1,0,2,5,0,0,92,0,0,8,0,0,1,1,171,0,0,0
2,4,1,1,4,25,0,1,0,0,0,0,0,0,1,1,159,0,0,0
2,5,1,1,6,20,0,0,0,0,0,0,0,0,1,1,229,0,0,0
2,6,1,1,6,25,0,0,0,0,0,0,0,0,0,1,85,0,0,0
2,7,1,1,6,25,0,0,0,0,0,0,0,0,0,1,87,0,0,0
2,8,1,1,6,25,0,0,0,0,0,0,0,0,0,1,123,0,0,0
2,9,1,1,6,25,0,0,0,0,0,0,0,0,0,1,125,0,0,0
2,10,1,1,3,15,0,1,0,0,0,0,0,0,1,1,191,0,0,0
2,11,1,1,6,20,0,0,97,97,0,0,0,0,1,1,243,0,0,0
2,12,1,1,3,15,0,1,0,0,0,0,0,0,1,1,205,0,0,0
2,13,1,1,6,25,0,0,0,0,0,0,0,0,0,1,85,0,0,116
2,14,1,1,6,25,0,0,0,0,0,0,0,0,0,1,87,0,0,115
2,15,0,1,10,20,0,0,0,0,0,0,0,0,0,1,91,0,0,2
2,16,1,0,12,5,0,0,0,0,0,8,0,0,1,1,171,0,0,0
2,17,1,1,5,20,0,1,0,0,0,0,0,0,0,1,267,0,0,59
2,18,1,1,50,0,0,0,0,0,16,0,0,0,0,1,7,0,0,0
2,19,1,1,50,0,0,0,0,0,16,0,0,0,0,1,9,0,0,0
2,20,1,1,50,500,0,0,0,0,16,0,0,0,0,1,11,0,0,0
2,21,1,1,50,0,0,0,0,0,-16,0,0,0,0,1,5,0,0,0
2,22,1,1,50,0,0,0,0,0,-16,0,0,0,0,1,3,0,0,0
2,23,1,1,50,500,0,0,0,0,-16,0,0,0,0,1,1,0,0,0
2,24,1,1,2,50,2,2,0,0,10,-20,0,0,0,1,269,0,0,62
2,25,1,1,2,50,-2,2,0,0,-10,-20,0,0,0,1,271,0,0,62
2,26,1,1,4,10,0,0,0,0,0,0,0,0,0,1,49,0,0,125
2,27,1,1,4,10,0,0,0,0,0,0,0,0,0,1,51,0,0,126
2,28,1,1,4,10,0,0,0,0,-12,0,-2,0,0,1,49,0,0,125
2,29,1,1,4,10,0,0,0,0,12,0,2,0,0,1,51,0,0,126
2,30,1,1,6,15,0,0,0,0,0,0,0,0,0,1,89,0,0,0
2,31,1,1,6,25,0,0,0,0,0,0,0,0,0,1,127,0,0,0
2,32,0,1,6,2,0,0,0,0,0,0,0,0,0,1,273,0,0,0
2,33,0,1,6,2,0,0,0,0,0,0,0,0,0,1,275,0,0,0
2,34,0,1,6,2,0,0,0,0,0,0,0,0,0,1,277,0,0,0
2,35,0,1,6,2,0,0,0,0,0,0,0,0,0,1,279,0,0,0
2,36,0,1,6,2,0,0,0,0,0,0,0,0,0,1,281,0,0,0
2,37,0,1,6,2,0,0,0,0,0,0,0,0,0,1,283,0,0,0
2,38,0,1,6,2,0,0,0,0,0,0,0,0,0,1,245,0,0,0
2,39,0,1,6,2,0,0,0,0,0,0,0,0,0,1,207,0,0,0
2,40,0,1,10,10,0,0,0,0,0,0,0,0,2,1,153,0,0,59
2,41,0,1,20,100,0,0,0,0,0,0,0,0,0,1,169,0,0,0
2,42,0,1,12,10,0,0,0,0,0,0,0,0,0,1,15,0,0,0
2,43,0,1,12,10,0,0,0,0,0,0,0,0,0,1,17,0,0,0
2,44,0,1,12,10,0,0,0,0,0,0,0,0,0,1,53,0,0,0
2,45,0,1,12,10,0,0,0,0,0,0,0,0,0,1,55,0,0,0
2,46,1,1,254,0,0,0,0,0,0,0,0,0,0,2,10,0,0,0
2,47,1,1,254,0,0,0,0,0,0,0,0,0,0,2,12,0,0,0
2,48,1,1,254,250,0,0,0,0,0,0,0,0,0,2,14,0,0,0
2,49,1,1,254,0,0,0,0,0,0,0,0,0,0,2,16,0,0,0
2,50,1,1,254,0,0,0,0,0,0,0,0,0,0,2,18,0,0,0
2,51,1,1,254,0,0,0,0,0,0,0,0,0,0,2,48,0,0,0
2,52,1,1,254,0,0,0,0,0,0,0,0,0,0,2,50,0,0,0
2,53,1,1,254,1,0,0,0,0,0,0,0,0,2,2,1,3,0,127
2,54,1,1,254,0,0,0,0,0,0,0,0,0,0,2,54,0,0,0
2,55,1,1,254,0,0,0,0,0,0,0,0,0,0,2,56,0,0,0
2,56,1,1,100,0,0,0,0,0,0,0,0,0,0,2,86,0,0,0
2,57,1,1,100,0,0,0,0,0,0,0,0,0,0,2,88,0,0,0
2,58,1,1,254,0,0,0,0,0,0,0,0,0,0,2,90,0,0,0
2,59,1,1,100,0,0,0,0,0,0,0,0,0,0,2,92,0,0,0
2,60,1,1,100,0,0,0,0,0,0,0,0,0,0,2,94,0,0,0
2,61,1,1,0,0,0,0,0,0,0,0,0,0,0,2,124,0,0,0
2,62,1,1,100,0,0,0,0,0,0,0,0,0,0,2,126,0,0,0
2,63,1,1,254,0,0,0,0,0,0,0,0,0,0,2,128,0,0,0
2,64,1,1,100,0,0,0,0,0,0,0,0,0,0,2,130,0,0,0
2,65,1,1,0,0,0,0,0,0,0,0,0,0,0,2,132,0,0,0
2,66,1,1,50,0,0,0,0,0,0,0,0,0,0,2,153,0,0,0
2,67,1,1,50,0,0,0,0,0,0,0,0,0,0,2,155,0,0,0
2,68,1,1,50,0,0,0,0,0,0,0,0,0,0,2,157,0,0,0
2,69,1,1,50,0,0,0,0,0,0,0,0,0,0,2,159,0,0,0
2,70,1,1,50,0,0,0,0,0,0,0,0,0,0,2,191,0,0,0
2,71,1,1,50,0,0,0,0,0,0,0,0,0,0,2,193,0,0,0
2,72,1,1,50,1000,0,0,0,0,0,0,0,0,0,2,195,0,0,0
2,73,1,1,50,0,0,0,0,0,0,0,0,0,0,2,231,0,0,0
2,74,1,1,50,0,0,0,0,0,0,0,0,0,0,2,233,0,0,0
2,75,1,1,50,0,0,0,0,0,0,0,0,0,0,2,235,0,0,0
2,76,1,1,50,0,0,0,0,0,0,0,0,0,0,2,267,0,0,0
2,77,1,1,50,0,0,0,0,0,0,0,0,0,0,2,269,0,0,0
2,78,1,1,50,0,0,0,0,0,0,0,0,0,0,2,271,0,0,0
2,79,1,1,50,1000,0,0,0,0,0,0,0,0,0,2,273,0,0,0
2,80,0,1,20,0,0,0,0,0,0,0,0,0,2,3,39,0,0,0
2,81,0,1,20,0,0,0,0,0,0,0,0,0,2,3,41,0,0,0
2,82,0,1,20,0,0,0,0,0,0,0,0,0,2,3,1,0,0,0
2,83,0,1,20,0,0,0,0,0,0,0,0,0,2,3,3,0,0,0
2,84,0,1,14,0,0,0,0,0,0,0,0,0,2,3,55,0,0,59
2,85,0,1,14,0,0,0,0,0,0,0,0,0,2,3,169,0,0,0
2,86,0,1,14,0,0,0,0,0,0,0,0,0,2,3,207,463,0,0
2,87,0,1,20,0,0,0,0,0,0,0,0,0,0,3,199,0,0,0
2,88,0,1,20,0,0,0,0,0,0,0,0,0,0,3,201,0,0,0
2,89,0,1,20,0,0,0,0,0,0,0,0,0,0,3,161,0,0,0
2,90,0,1,20,0,0,0,0,0,0,0,0,0,0,3,163,0,0,0
2,91,1,1,10,0,4,0,0,0,0,0,0,0,0,4,125,454,502,0
2,92,1,1,254,0,4,0,0,0,0,0,0,0,0,4,127,0,0,0
2,93,1,0,3,0,0,1,0,0,-4,0,-6,0,1,4,19,0,0,0
2,94,1,0,3,0,0,2,0,0,-6,0,0,0,1,4,19,0,0,0
2,95,1,0,3,0,0,3,0,0,-12,0,0,0,1,4,19,0,0,0
2,96,1,0,3,0,0,4,0,0,0,0,0,0,1,4,19,0,0,0
2,97,1,0,3,0,0,3,0,0,12,0,0,0,1,4,19,0,0,0
2,98,1,0,3,0,0,2,0,0,6,0,0,0,1,4,19,0,0,0
2,99,1,0,3,0,0,1,0,0,4,0,6,0,1,4,19,0,0,0
2,100,1,1,10,0,0,1,0,0,0,0,0,0,1,4,153,454,0,0
2,101,1,1,254,0,0,1,0,0,0,0,0,0,1,4,191,0,0,0
2,102,1,1,6,0,0,6,0,0,1,-10,4,0,1,4,267,0,0,0
2,103,1,1,6,0,0,6,0,0,-1,-10,-4,0,1,4,267,0,0,0
2,104,1,1,12,0,0,1,0,0,0,0,0,0,1,4,1,0,508,63
2,105,1,0,3,0,0,1,0,0,-3,0,-8,0,1,4,19,0,0,0
2,106,1,1,200,0,0,0,0,0,0,0,0,0,0,4,9,0,0,0
2,107,1,1,200,0,0,0,0,0,0,0,0,0,0,4,45,0,0,0
2,108,1,1,20,0,0,-8,0,0,4,10,0,0,1,4,115,0,0,0
2,109,1,1,60,0,0,0,0,0,0,0,0,0,1,4,277,0,0,0
2,110,1,1,60,0,0,0,0,0,0,0,0,0,0,4,203,0,0,0
2,111,1,1,0,0,0,0,0,0,0,0,0,0,0,4,241,0,0,0
2,112,1,1,254,0,0,0,0,0,0,0,0,0,0,4,167,0,0,0
2,113,1,1,254,0,0,0,0,0,0,0,0,0,0,4,205,0,0,0
2,114,1,1,0,0,0,0,0,0,0,0,0,0,0,4,243,0,0,0
2,115,1,1,254,0,0,0,0,0,0,0,0,0,0,4,169,0,0,0
2,116,1,1,254,0,0,0,0,0,0,0,0,0,0,4,207,0,0,0
2,117,1,1,0,0,0,0,0,0,0,0,0,0,0,4,245,0,0,0
2,118,1,1,254,0,0,0,0,0,0,0,0,0,0,4,161,0,0,0
2,119,1,1,254,0,0,0,0,0,0,0,0,0,0,4,199,0,0,0
2,120,1,1,0,0,0,0,0,0,0,0,0,0,0,4,237,0,0,0
2,121,0,1,10,5,0,0,0,0,0,0,0,0,0,1,115,0,0,0
2,122,0,1,10,5,0,0,0,0,0,0,0,0,0,1,117,0,0,0
2,123,0,1,10,5,0,0,0,0,0,0,0,0,0,1,77,0,0,0
2,124,0,1,10,5,0,0,0,0,0,0,0,0,0,1,79,0,0,0
2,125,0,1,10,5,0,0,0,0,0,0,0,0,0,1,119,0,0,0
2,126,0,1,10,5,0,0,0,0,0,0,0,0,0,1,121,0,0,0
2,127,0,1,10,5,0,0,0,0,0,0,0,0,0,1,81,0,0,0
2,128,0,1,10,5,0,0,0,0,0,0,0,0,0,1,83,0,0,0
2,129,1,1,25,0,0,1,0,0,0,0,0,0,1,3,51,0,0,134
2,130,1,1,15,0,0,1,0,0,0,0,0,0,1,3,53,0,0,0
2,131,1,1,15,0,0,1,0,0,0,0,0,0,1,3,53,0,0,140
2,132,1,0,5,0,0,1,0,0,0,0,0,0,0,3,152,0,0,0
2,133,1,1,10,0,0,4,0,0,0,0,0,6,1,3,13,0,0,141
2,134,1,1,8,0,0,-5,0,0,0,0,0,0,1,3,237,0,0,135
2,135,1,1,3,0,0,1,0,0,0,0,0,0,0,8,5,0,0,0
2,136,1,1,3,0,0,2,0,0,0,0,0,0,0,8,5,0,0,0
2,137,1,1,3,0,0,3,0,0,0,0,0,0,0,8,5,0,0,0
2,138,1,1,10,0,0,0,0,0,0,0,0,0,0,8,39,0,0,0
2,139,1,1,10,0,0,0,0,0,0,0,0,0,0,8,41,0,0,0
2,140,1,1,10,0,0,0,0,0,0,0,0,0,0,8,1,0,0,0
2,141,1,1,10,0,0,0,0,0,0,0,0,0,0,8,3,0,0,0
2,142,0,1,10,25,0,0,0,0,0,0,0,0,2,7,1,0,0,63
2,143,0,1,15,100,0,0,0,0,0,0,0,0,2,7,39,0,0,144
2,144,1,0,2,5,0,0,0,0,0,0,0,0,2,7,38,0,0,142
2,145,0,1,18,50,0,0,0,0,0,0,0,0,0,7,245,0,0,0
2,146,0,1,18,0,0,0,0,0,0,0,0,0,0,7,283,0,0,0
2,147,1,1,10,25,0,0,0,0,0,0,0,0,1,11,1,0,0,0
2,148,1,1,3,50,2,0,0,0,0,0,0,0,1,11,77,0,0,0
2,149,1,1,254,25,0,0,0,0,0,0,0,0,0,10,1,0,0,0
2,150,1,1,254,25,0,0,0,0,0,0,0,0,0,10,3,0,0,0
2,151,1,1,254,25,0,0,0,0,0,0,0,0,0,10,5,0,0,0
2,152,1,1,254,25,0,0,0,0,0,0,0,0,0,10,7,0,0,0
2,153,0,1,14,50,0,0,0,0,0,0,0,0,2,12,39,0,0,59
2,154,0,1,20,50,0,0,0,0,0,0,0,0,0,12,119,0,0,0
2,155,0,1,20,0,0,0,0,0,0,0,0,0,0,12,121,0,0,0
2,156,0,1,20,0,0,0,0,0,0,0,0,0,0,12,81,0,0,0
2,157,0,1,20,0,0,0,0,0,0,0,0,0,0,12,83,0,0,0
2,158,0,1,20,50,0,0,0,0,0,0,0,0,2,12,43,0,0,0
2,159,0,1,20,0,0,0,0,0,0,0,0,0,2,12,45,0,0,0
2,160,0,1,20,0,0,0,0,0,0,0,0,0,2,12,5,0,0,116
2,161,0,1,20,0,0,0,0,0,0,0,0,0,2,12,7,0,0,0
2,162,0,1,15,25,0,0,0,0,0,0,0,0,2,10,39,0,0,59
2,163,1,1,3,20,0,0,0,0,0,0,0,0,0,10,125,0,0,92
2,164,1,1,4,25,0,0,0,0,0,0,0,0,0,10,11,0,0,8
2,165,1,1,6,40,0,0,0,0,0,0,0,0,0,10,49,0,0,12
2,166,1,1,8,50,0,0,0,0,0,0,0,0,0,10,87,0,0,8
2,167,1,1,10,75,0,0,0,0,0,0,0,0,0,10,3,0,0,100
2,168,1,1,12,50,0,0,0,0,0,0,0,0,0,10,55,0,0,16
2,169,1,1,14,80,0,0,0,0,0,0,0,0,0,10,79,0,0,98
2,170,1,1,15,100,0,0,0,0,0,0,0,0,0,10,53,0,0,100
2,171,0,1,20,75,0,0,0,0,0,0,0,0,2,10,43,0,0,0
2,172,0,1,20,75,0,0,0,0,0,0,0,0,2,10,81,0,0,0
2,173,0,1,20,75,0,0,0,0,0,0,0,0,2,10,119,0,0,24
2,174,1,1,80,0,0,0,0,0,4,0,4,0,0,18,125,0,0,0
2,175,1,1,80,0,0,0,0,0,4,0,4,0,0,18,15,0,0,0
2,176,1,1,80,0,0,0,0,0,4,0,4,0,0,18,13,0,0,0
2,177,1,1,80,0,0,0,0,0,-4,0,-4,0,0,18,125,0,0,0
2,178,1,1,80,0,0,0,0,0,-4,0,-4,0,0,18,15,0,0,0
2,179,1,1,80,0,0,0,0,0,-4,0,-4,0,0,18,13,0,0,0
2,180,1,1,120,250,0,0,0,0,4,0,4,0,1,18,163,0,0,0
2,181,1,1,120,0,0,0,0,0,4,0,4,0,1,18,201,0,0,0
2,182,1,1,120,250,0,0,0,0,-4,0,-4,0,1,18,11,0,0,0
2,183,1,1,120,0,0,0,0,0,-4,0,-4,0,1,18,49,0,0,0
2,184,1,1,15,0,0,0,0,0,0,2,0,4,2,11,121,0,0,116
2,185,1,1,40,25,0,0,0,0,0,0,0,0,1,11,1,0,0,0
2,186,1,1,10,25,3,0,0,0,0,0,0,0,2,11,77,0,0,116
2,187,1,1,10,25,-3,0,0,0,0,0,0,0,2,11,77,0,0,116
2,188,1,1,10,25,-3,0,0,0,0,0,0,0,2,11,77,0,0,116
2,189,1,1,10,25,3,0,0,0,0,0,0,0,2,11,77,0,0,116
2,190,1,1,10,25,0,0,0,0,1,0,10,0,1,11,127,0,0,0
2,191,1,1,10,25,0,0,0,0,-1,0,-10,0,1,11,127,0,0,0
2,192,1,1,20,0,0,0,0,0,0,0,0,0,1,4,229,0,0,0
2,193,1,1,20,0,0,0,0,0,0,0,0,0,1,4,231,0,0,0
2,194,0,1,30,50,0,0,0,0,0,0,0,0,0,20,13,0,0,2
2,195,1,0,10,25,0,0,0,0,0,0,0,0,0,23,19,0,0,6
2,196,1,1,40,50,0,0,0,0,0,0,0,0,0,8,237,0,0,0
2,197,0,1,40,25,0,0,0,0,0,0,0,0,0,20,277,0,0,60
2,198,0,1,40,75,0,0,0,0,0,0,0,0,0,20,279,199,0,60
2,199,1,0,2,100,0,0,94,94,2,2,5,5,1,20,171,1,0,0
2,200,1,1,0,30000,4,1,0,0,4,0,4,0,0,26,281,0,0,0
2,201,1,1,254,500,0,0,0,0,0,0,0,0,0,6,2,0,0,0
2,202,1,1,254,0,0,0,0,0,0,0,0,0,0,6,4,0,0,0
2,203,1,1,254,0,0,0,0,0,0,0,0,0,0,6,6,0,0,0
2,204,1,1,254,0,0,0,0,0,0,0,0,0,0,6,8,0,0,0
2,205,1,1,254,0,0,0,0,0,0,0,0,0,0,6,39,0,0,0
2,206,1,1,254,0,0,0,0,0,0,0,0,0,0,6,41,0,0,0
2,207,1,1,254,0,0,0,0,0,0,0,0,0,0,6,43,0,0,0
2,208,1,1,254,0,0,0,0,0,0,0,0,0,0,6,45,0,0,0
2,209,1,1,254,0,0,0,0,0,0,0,0,0,0,6,47,0,0,0
2,210,1,1,254,0,0,0,0,0,0,0,0,0,0,6,77,0,0,0
2,211,1,1,254,0,0,0,0,0,0,0,0,0,0,6,79,0,0,0
2,212,1,1,254,0,0,0,0,0,0,0,0,0,0,6,81,0,0,0
2,213,1,1,254,0,0,0,0,0,0,0,0,0,0,6,83,0,0,0
2,214,1,1,254,0,0,0,0,0,0,0,0,0,0,6,85,0,0,0
2,215,1,1,254,0,0,0,0,0,0,0,0,0,0,6,115,0,0,0
2,216,1,1,254,0,0,0,0,0,0,0,0,0,2,6,117,596,0,0
2,217,1,1,254,0,0,0,0,0,0,0,0,0,0,6,119,0,0,0
2,218,1,1,254,0,0,0,0,0,0,0,0,0,2,6,121,596,0,0
2,219,1,1,254,0,0,0,0,0,0,0,0,0,0,6,123,0,0,0
2,220,1,1,254,0,0,0,0,0,0,0,0,0,0,6,154,0,0,0
2,221,1,1,254,0,0,0,0,0,0,0,0,0,2,6,156,0,0,34
2,222,1,1,254,0,0,0,0,0,0,0,0,0,2,6,158,0,0,34
2,223,1,1,254,0,0,0,0,0,0,0,0,0,0,6,160,0,0,0
2,224,1,1,254,0,0,0,0,0,0,0,0,0,2,6,156,0,0,37
2,225,1,1,254,0,0,0,0,0,0,0,0,0,2,6,158,0,0,37
2,226,1,1,25,75,0,0,0,0,0,0,0,0,2,7,197,0,0,116
2,227,1,1,25,0,0,0,0,0,0,0,0,0,2,7,199,0,0,115
2,228,0,1,20,100,0,0,0,0,0,0,0,0,0,7,269,0,0,0
2,229,0,1,20,0,0,0,0,0,0,0,0,0,0,7,271,0,0,0
2,230,0,1,20,0,0,0,0,0,0,0,0,0,0,7,273,0,0,0
2,231,0,0,20,0,0,0,0,0,0,0,0,0,0,7,275,0,0,0
2,232,0,0,16,100,0,0,0,0,0,0,0,0,0,7,238,0,0,0
2,233,0,1,16,0,0,0,0,0,0,0,0,0,0,7,239,0,0,0
2,234,0,1,16,0,0,0,0,0,0,0,0,0,0,7,241,0,0,0
2,235,0,1,16,0,0,0,0,0,0,0,0,0,0,7,243,0,0,0
2,236,1,1,12,25,0,0,0,0,0,0,0,0,0,7,15,0,0,0
2,237,0,1,25,100,0,0,0,0,0,0,0,0,0,7,55,0,0,0
2,238,0,1,25,0,0,0,0,0,0,0,0,0,0,7,17,0,0,0
2,239,0,1,25,0,0,0,0,0,0,0,0,0,2,7,115,0,0,0
2,240,0,1,25,0,0,0,0,0,0,0,0,0,2,7,77,0,0,143
2,241,0,1,80,250,0,0,0,0,0,0,14,10,1,25,191,0,0,0
2,242,0,1,80,0,0,0,0,0,0,0,14,10,1,25,193,0,0,0
2,243,0,1,80,0,0,0,0,0,0,0,14,10,1,25,153,0,0,255
2,244,0,1,80,0,0,0,0,0,0,0,14,10,1,25,155,0,0,255
2,245,0,1,40,150,0,0,0,0,0,0,0,0,0,25,1,0,0,0
2,246,0,1,40,0,0,0,0,0,0,0,0,0,0,25,3,0,0,0
2,247,0,1,40,0,0,0,0,0,0,0,0,0,0,25,5,0,0,0
2,248,0,1,40,0,0,0,0,0,0,0,0,0,0,25,39,0,0,0
2,249,0,1,40,0,0,0,0,0,0,0,0,0,0,25,41,0,0,0
2,250,0,1,40,0,0,0,0,0,0,0,0,0,0,25,43,556,0,0
2,251,0,1,40,0,0,0,0,0,0,0,0,0,0,25,79,0,0,0
2,252,0,0,40,150,0,0,0,0,0,0,0,0,0,25,19,0,0,0
2,253,0,1,40,0,0,0,0,0,0,0,0,0,0,25,15,0,0,0
2,254,0,1,40,0,0,0,0,0,0,0,0,0,0,25,17,0,0,0
2,255,0,0,40,0,0,0,0,0,0,0,0,0,0,25,38,0,0,0
2,256,0,1,40,0,0,0,0,0,0,0,0,0,0,25,53,0,0,0
2,257,0,1,40,0,0,0,0,0,0,0,0,0,0,25,55,556,0,0
2,258,0,1,40,0,0,0,0,0,0,0,0,0,0,25,79,0,0,0
2,259,1,1,3,25,0,0,0,0,0,0,0,0,1,25,45,0,0,0
2,260,1,1,3,0,0,4,0,0,0,0,0,0,0,8,43,0,0,0
2,261,1,1,3,0,0,5,0,0,0,0,0,0,0,8,43,0,0,0
2,262,1,1,3,0,0,6,0,0,0,0,0,0,0,8,43,0,0,0
2,263,1,1,2,0,0,4,0,0,0,0,0,0,0,8,85,0,0,0
2,264,1,1,2,0,0,5,0,0,0,0,0,0,0,8,85,0,0,0
2,265,1,1,2,0,0,6,0,0,0,0,0,0,0,8,85,0,0,0
2,266,1,1,4,0,0,4,0,0,0,0,0,0,0,8,123,0,0,0
2,267,1,1,4,0,0,5,0,0,0,0,0,0,0,8,123,0,0,0
2,268,1,1,4,0,0,6,0,0,0,0,0,0,0,8,123,0,0,0
2,269,0,1,12,0,0,0,0,0,0,0,0,0,1,8,267,0,0,0
2,270,0,1,12,0,0,0,0,0,0,0,0,0,2,8,127,0,0,145
2,271,0,1,12,0,0,0,0,0,0,0,0,0,2,8,275,463,0,0
2,272,0,1,12,0,0,0,0,0,0,0,0,0,1,23,229,0,0,0
2,273,0,1,12,0,0,0,0,0,0,0,0,0,1,8,193,0,0,144
2,274,0,1,12,0,0,0,0,0,0,0,0,0,1,23,229,0,0,0
2,275,0,1,12,0,0,0,0,0,0,0,0,0,1,23,153,0,0,0
2,276,0,1,12,0,0,0,0,0,0,0,0,0,1,23,191,0,0,0
2,277,0,1,12,0,0,0,0,0,0,0,0,0,1,23,153,0,0,0
2,278,0,1,12,0,0,0,0,0,0,0,0,0,1,23,267,0,0,0
2,279,0,1,12,0,0,0,0,0,0,0,0,0,1,23,1,0,0,0
2,280,0,1,12,0,0,0,0,0,0,0,0,0,1,23,115,0,0,0
2,281,0,1,12,0,0,0,0,0,0,0,0,0,1,23,191,0,0,0
2,282,1,1,3,0,0,2,0,0,0,0,0,0,2,8,79,0,0,59
2,283,1,1,8,0,0,2,0,0,0,0,0,0,0,8,115,0,0,5
2,284,1,1,6,25,0,2,0,0,0,0,0,0,0,8,121,0,0,0
2,285,1,1,8,250,0,2,0,0,0,0,0,0,2,8,157,0,0,24
2,286,1,1,8,50,0,2,93,0,0,0,0,0,1,8,229,0,0,0
2,287,0,1,10,50,0,0,0,0,0,0,0,0,0,8,245,0,0,0
2,288,0,1,16,0,0,0,0,0,0,0,0,0,1,8,283,0,0,0
2,289,0,1,16,50,0,0,0,0,0,0,0,0,0,22,39,0,0,0
2,290,0,1,16,0,0,0,0,0,0,0,0,0,0,22,41,0,0,0
2,291,0,1,16,0,0,0,0,0,0,0,0,0,0,22,1,0,0,0
2,292,0,1,16,0,0,0,0,0,0,0,0,0,0,22,3,0,0,0
2,293,0,1,30,100,0,0,0,0,0,0,0,0,0,22,81,0,0,0
2,294,0,1,30,0,0,0,0,0,0,0,0,0,0,22,83,0,0,0
2,295,0,1,30,0,0,0,0,0,0,0,0,0,0,22,85,0,0,0
2,296,0,1,30,0,0,0,0,0,0,0,0,0,0,22,43,0,0,0
2,297,0,1,30,0,0,0,0,0,0,0,0,0,0,22,45,0,0,0
2,298,0,1,30,0,0,0,0,0,0,0,0,0,0,22,47,0,0,0
2,299,0,1,30,0,0,0,0,0,0,0,0,0,0,22,5,0,0,0
2,300,0,1,30,0,0,0,0,0,0,0,0,0,0,22,7,0,0,0
2,301,0,1,30,0,0,0,0,0,0,0,0,0,0,22,9,0,0,0
2,302,1,1,60,25,0,0,0,0,0,0,0,0,0,13,201,0,0,0
2,303,1,1,60,25,0,0,0,0,0,0,0,0,0,13,203,0,0,0
2,304,1,1,60,50,0,0,0,0,0,0,0,0,0,13,237,0,0,0
2,305,1,1,60,50,0,0,0,0,0,0,0,0,0,13,239,0,0,0
2,306,1,1,60,75,0,0,0,0,0,0,0,0,0,13,241,0,0,0
2,307,1,1,60,100,0,0,0,0,0,0,0,0,0,13,243,0,0,0
2,308,1,1,60,150,0,0,0,0,0,0,0,0,0,13,278,0,0,151
2,309,0,1,40,75,0,0,0,0,0,0,0,0,1,23,77,0,0,0
2,310,0,1,40,0,0,0,0,0,0,0,0,0,1,23,79,0,0,0
2,311,0,1,40,0,0,0,0,0,0,0,0,0,1,23,39,0,0,0
2,312,0,1,40,0,0,0,0,0,0,0,0,0,1,23,41,0,0,0
2,313,0,1,30,50,0,0,0,0,0,0,0,0,1,20,191,0,0,0
2,314,0,1,30,0,0,0,0,0,0,0,0,0,1,20,193,0,0,0
2,315,0,1,30,0,0,0,0,0,0,0,0,0,1,20,153,0,0,0
2,316,0,1,30,0,0,0,0,0,0,0,0,0,1,20,155,0,0,0
2,317,1,0,3,0,0,2,0,0,0,0,0,0,0,8,95,0,0,0
2,318,1,0,3,0,0,4,0,0,0,0,0,0,0,8,95,0,0,0
2,319,1,0,1,0,0,3,0,0,0,0,0,0,0,8,114,0,0,0
2,320,1,0,1,0,0,5,0,0,0,0,0,0,0,8,114,0,0,0
2,321,1,0,2,0,0,4,0,0,0,0,0,0,0,8,133,0,0,0
2,322,1,0,2,0,0,6,0,0,0,0,0,0,0,8,133,0,0,0
2,323,1,0,3,0,0,3,0,0,0,0,0,0,0,8,152,0,0,0
2,324,1,0,3,0,0,5,0,0,0,0,0,0,0,8,152,0,0,0
2,325,0,1,10,20,0,0,0,0,0,0,0,0,2,23,277,0,0,145
2,326,0,1,30,50,0,0,0,0,0,0,0,0,0,23,13,0,0,0
2,327,0,1,30,0,0,0,0,0,0,0,0,0,0,23,15,0,0,0
2,328,0,1,30,0,0,0,0,0,0,0,0,0,0,23,89,0,0,0
2,329,0,1,30,0,0,0,0,0,0,0,0,0,0,23,91,0,0,0
2,330,0,1,30,0,0,0,0,0,0,0,0,0,0,23,51,0,0,0
2,331,0,1,30,0,0,0,0,0,0,0,0,0,0,23,53,0,0,0
2,332,0,1,40,75,0,0,0,0,0,0,0,0,0,20,9,0,0,0
2,333,0,1,40,0,0,0,0,0,0,0,0,0,0,20,11,0,0,0
2,334,0,1,40,0,0,0,0,0,0,0,0,0,0,20,39,0,0,0
2,335,0,1,40,0,0,0,0,0,0,0,0,0,0,20,41,0,0,0
2,336,0,1,40,0,0,0,0,0,0,0,0,0,1,20,1,0,0,0
2,337,0,1,40,0,0,0,0,0,0,0,0,0,1,20,3,0,0,0
2,338,0,1,30,100,0,0,0,0,0,0,0,0,1,20,115,0,0,0
2,339,0,1,30,0,0,0,0,0,0,0,0,0,0,20,267,0,0,0
2,340,0,1,30,0,0,0,0,0,0,0,0,0,0,20,269,0,0,0
2,341,0,1,30,0,0,0,0,0,0,0,0,0,0,20,229,0,0,0
2,342,0,1,30,0,0,0,0,0,0,0,0,0,0,20,231,0,0,0
2,343,0,1,30,75,0,0,0,0,0,0,0,0,0,20,165,0,0,0
2,344,0,1,30,0,0,0,0,0,0,0,0,0,0,20,167,0,0,0
2,345,0,1,30,0,0,0,0,0,0,0,0,0,0,20,241,0,0,0
2,346,0,1,30,0,0,0,0,0,0,0,0,0,0,20,243,0,0,0
2,347,0,1,30,0,0,0,0,0,0,0,0,0,0,20,203,0,0,0
2,348,0,1,30,0,0,0,0,0,0,0,0,0,0,20,205,0,0,0
2,349,1,1,70,50,0,0,0,0,0,0,0,0,1,13,3,0,0,0
2,350,1,1,70,50,0,0,0,0,0,0,0,0,1,13,5,0,0,0
2,351,1,1,70,50,0,0,0,0,0,0,0,0,0,13,39,0,0,0
2,352,1,1,70,50,0,0,0,0,0,0,0,0,1,13,41,0,0,0
2,353,1,1,70,50,0,0,0,0,0,0,0,0,1,13,43,0,0,0
2,354,1,1,70,50,0,0,0,0,0,0,0,0,0,13,45,0,0,0
2,355,1,1,70,50,0,0,0,0,0,0,0,0,0,13,77,0,0,0
2,356,1,1,70,50,0,0,0,0,0,0,0,0,0,13,79,511,0,0
2,357,1,1,70,50,0,0,0,0,0,0,0,0,0,13,81,511,0,0
2,358,1,1,70,50,0,0,0,0,0,0,0,0,0,13,83,0,0,0
2,359,1,1,70,50,0,0,0,0,0,0,0,0,0,13,115,511,0,0
2,360,1,1,70,50,0,0,0,0,0,0,0,0,0,13,117,0,0,0
2,361,1,1,70,50,0,0,0,0,0,0,0,0,0,13,119,0,0,0
2,362,1,1,70,50,0,0,0,0,0,0,0,0,0,13,121,511,0,0
2,363,1,1,70,50,0,0,0,0,0,0,0,0,0,13,154,0,0,0
2,364,1,1,70,50,0,0,0,0,0,0,0,0,0,13,156,0,0,0
2,365,1,1,70,50,0,0,0,0,0,0,0,0,0,13,158,0,0,0
2,366,1,1,254,1000,0,0,0,0,0,0,0,0,0,18,3,0,0,0
2,367,1,1,254,0,0,0,0,0,0,0,0,0,0,18,5,0,0,0
2,368,1,1,254,0,0,0,0,0,0,0,0,0,0,18,7,0,0,0
2,369,1,1,254,0,0,0,0,0,0,0,0,0,0,18,41,0,0,0
2,370,1,1,254,0,0,0,0,0,0,0,0,0,0,18,43,0,0,0
2,371,1,1,254,0,0,0,0,0,0,0,0,0,0,18,45,0,0,0
2,372,1,1,254,0,0,0,0,0,0,0,0,0,0,18,77,0,0,0
2,373,1,1,254,0,0,0,0,0,0,0,0,0,0,18,79,0,0,0
2,374,1,1,254,0,0,0,0,0,0,0,0,0,0,18,81,0,0,0
2,375,1,1,254,0,0,0,0,0,0,0,0,0,0,18,83,0,0,0
2,376,1,1,254,0,0,0,0,0,0,0,0,0,0,18,85,0,0,0
2,377,1,1,254,0,0,0,0,0,0,0,0,0,0,18,115,0,0,0
2,378,1,1,254,0,0,0,0,0,0,0,0,0,0,18,117,0,0,0
2,379,1,1,254,0,0,0,0,0,0,0,0,0,0,18,119,0,0,153
2,380,1,1,254,0,0,0,0,0,0,0,0,0,0,18,121,0,0,0
2,381,1,1,254,0,0,0,0,0,0,0,0,0,0,18,123,0,0,0
2,382,1,1,0,0,0,0,0,0,0,0,0,0,0,18,153,0,0,0
2,383,1,1,254,0,0,0,0,0,0,0,0,0,0,18,155,0,0,0
2,384,1,1,254,0,0,0,0,0,0,0,0,0,0,18,157,0,0,0
2,385,1,1,254,0,0,0,0,0,0,0,0,0,0,18,159,0,0,0
2,386,1,1,0,0,0,0,0,0,0,0,0,0,0,18,161,0,0,0
2,387,1,1,0,0,0,0,0,0,0,0,0,0,0,18,193,0,0,0
2,388,1,1,0,0,0,0,0,0,0,0,0,0,0,18,195,0,0,0
2,389,1,1,0,0,0,0,0,0,0,0,0,0,0,18,197,0,0,0
2,390,0,0,0,10,0,1,0,0,0,0,0,0,1,21,1,0,0,0
2,391,1,0,0,25,0,1,0,0,0,0,0,0,1,21,7,0,0,0
2,392,0,0,0,50,0,1,0,0,0,0,0,0,1,21,26,0,0,0
2,393,1,0,0,75,0,1,0,0,0,0,0,0,1,21,20,0,0,0
2,394,0,0,0,100,0,1,0,0,0,0,0,0,1,21,32,0,0,0
2,395,1,0,0,250,0,1,0,0,0,0,0,0,1,21,14,0,0,0
2,396,0,0,0,500,0,1,0,0,0,0,0,0,1,21,51,0,0,0
2,397,1,1,0,1000,0,1,0,0,0,0,0,0,1,21,39,0,0,0
2,398,0,1,0,2500,0,1,0,0,0,0,0,0,1,21,77,0,0,0
2,399,1,1,0,5000,0,1,0,0,0,0,0,0,1,21,115,0,0,0
2,400,0,1,200,0,0,0,0,0,0,0,5,0,0,24,1,0,0,0
2,401,0,1,200,0,0,0,0,0,0,0,5,0,0,24,3,0,0,154
2,402,0,1,200,0,0,0,0,0,0,0,5,0,0,24,5,0,0,0
2,403,0,1,200,0,0,0,0,0,0,0,5,0,0,24,7,0,0,0
2,404,0,1,200,0,0,0,0,0,0,0,5,0,0,24,9,0,0,154
2,405,0,1,200,0,0,0,0,0,0,0,5,0,0,24,11,0,0,0
2,406,0,1,200,0,0,0,0,0,0,0,5,0,2,24,39,0,0,154
2,407,0,1,0,0,0,0,0,0,0,0,5,0,0,24,41,0,0,154
2,408,0,1,200,0,0,0,0,0,0,0,5,0,0,24,43,0,0,154
2,409,0,1,200,0,0,0,0,0,0,0,5,0,0,24,45,0,0,154
2,410,0,1,0,0,0,0,0,0,0,0,5,0,0,24,47,0,0,154
2,411,0,1,200,0,0,0,0,0,0,0,5,0,2,24,49,0,0,154
2,412,0,1,50,250,0,0,0,0,0,0,0,0,0,12,123,0,0,0
2,413,0,1,50,0,0,0,0,0,0,0,0,0,0,12,125,0,0,0
2,414,0,1,50,0,0,0,0,0,0,0,0,0,0,12,85,0,0,0
2,415,0,1,50,0,0,0,0,0,0,0,0,0,0,12,87,0,0,0
2,416,0,1,50,0,0,0,0,0,0,0,0,0,0,12,79,0,0,0
2,417,1,1,50,0,0,0,0,0,8,4,2,2,0,12,89,0,0,0
2,418,1,1,50,0,0,0,0,0,4,2,4,4,0,12,127,0,0,0
2,419,1,1,50,0,0,0,0,0,2,2,8,4,0,12,91,0,0,0
2,420,1,1,50,0,0,0,0,0,1,1,16,8,0,12,77,0,0,0
2,421,1,1,50,0,0,0,0,0,1,1,16,8,0,12,115,0,0,0
2,422,1,1,10,150,0,0,0,0,0,0,4,0,0,12,17,0,0,0
2,423,1,1,10,0,0,0,0,0,0,0,4,0,0,12,55,0,0,0
2,424,1,1,10,0,0,0,0,0,0,0,4,0,0,12,93,0,0,0
2,425,1,1,20,0,0,0,0,0,0,0,4,0,0,12,131,0,0,0
2,426,1,1,40,0,0,0,0,0,0,0,0,0,0,27,153,0,0,0
2,427,1,1,40,0,0,0,0,0,0,0,0,0,0,27,155,0,0,0
2,428,1,1,40,0,0,0,0,0,0,0,0,0,0,27,191,0,0,0
2,429,1,1,40,0,0,0,0,0,0,0,0,0,0,27,193,0,0,0
2,430,1,1,60,0,0,0,0,0,0,0,0,0,0,27,233,0,0,0
2,431,1,1,60,0,0,0,0,0,0,0,0,0,0,27,235,0,0,0
2,432,1,1,60,0,0,0,0,0,0,0,0,0,0,27,271,0,0,0
2,433,1,1,60,0,0,0,0,0,0,0,0,0,0,27,273,0,0,0
2,434,1,1,40,0,0,0,0,0,0,0,0,0,0,4,39,0,0,0
2,435,1,1,40,0,0,0,0,0,0,0,0,0,0,4,41,0,505,0
2,436,1,1,40,0,0,0,0,0,0,0,0,0,0,4,43,0,0,0
2,437,1,1,40,0,0,0,0,0,0,0,0,0,0,4,77,0,0,0
2,438,1,1,40,0,0,0,0,0,0,0,0,0,0,4,79,0,0,0
2,439,1,1,40,0,0,0,0,0,0,0,0,0,0,4,81,0,0,0
2,440,1,1,16,0,0,0,0,0,0,0,0,0,0,8,45,0,0,0
2,441,1,1,16,0,0,0,0,0,0,0,0,0,0,8,47,0,0,0
2,442,1,1,16,0,0,0,0,0,0,0,0,0,0,8,7,0,0,0
2,443,1,1,16,0,0,0,0,0,0,0,0,0,0,8,9,0,0,0
2,444,1,0,50,0,0,0,0,0,0,0,0,0,0,8,31,0,0,0
2,445,1,1,50,0,0,0,0,0,0,0,0,0,0,8,13,0,0,0
2,446,1,0,50,0,0,0,0,0,0,0,0,0,0,8,15,0,0,0
2,447,1,0,50,0,0,0,0,0,0,0,0,0,0,8,34,0,0,0
2,448,1,1,50,0,0,0,0,0,0,0,0,0,0,8,49,0,0,0
2,449,1,1,50,0,0,0,0,0,0,0,0,0,0,8,51,0,0,0
2,450,1,1,50,0,0,0,0,0,0,0,0,0,0,8,53,0,0,0
2,451,1,0,50,0,0,0,0,0,0,0,0,0,0,8,88,0,0,0
2,452,1,1,50,0,0,0,0,0,0,0,0,0,0,8,89,0,0,0
2,453,1,1,50,0,0,0,0,0,0,0,0,0,0,8,91,0,0,0
2,454,1,0,20,0,0,0,0,0,0,0,0,0,0,4,102,0,0,0
2,455,1,0,4,5,0,0,0,0,0,0,0,0,1,23,171,4,0,0
2,456,0,1,20,75,0,0,0,0,0,0,0,0,2,8,241,455,0,0
2,457,0,1,20,50,0,0,0,0,0,0,0,0,0,20,53,458,0,0
2,458,1,0,5,15,0,3,0,0,0,0,0,0,1,20,19,0,0,0
2,459,1,1,40,150,0,0,93,0,0,0,0,0,2,23,93,460,0,0
2,460,1,0,2,7,0,5,0,0,0,0,0,0,1,20,95,0,0,0
2,461,1,1,20,20,0,1,0,0,0,0,0,0,0,8,16,0,0,0
2,462,1,1,20,25,0,1,0,0,0,0,0,0,2,8,93,0,0,116
2,463,1,1,80,0,0,4,0,0,0,0,0,0,0,8,191,0,0,0
2,464,1,1,254,0,0,0,0,0,0,2,4,3,0,9,153,0,0,0
2,465,1,1,20,0,0,0,0,0,0,2,4,3,2,9,155,0,0,59
2,466,1,1,254,0,0,0,0,0,0,0,0,0,0,9,153,0,0,0
2,467,1,1,20,0,0,0,0,0,0,0,0,0,2,9,155,0,0,59
2,468,1,1,0,0,0,0,0,0,0,-8,0,0,0,2,81,0,0,0
2,469,1,1,0,0,0,0,0,0,0,-8,0,0,0,2,83,0,0,0
2,470,1,1,0,0,0,0,0,0,0,-8,0,0,0,2,85,0,0,0
2,471,1,1,0,0,0,0,0,0,0,-8,0,0,0,2,119,0,0,0
2,472,1,1,0,0,0,0,0,0,0,-8,0,0,0,2,121,0,0,0
2,473,1,1,0,0,0,0,0,0,0,-8,0,0,0,2,123,0,0,0
2,474,0,1,0,375,0,1,0,0,0,0,0,0,0,21,241,0,0,0
2,475,0,1,0,500,0,0,0,0,0,0,0,0,0,21,243,0,0,0
2,476,1,1,0,800,0,1,0,0,0,0,0,0,0,21,245,0,0,0
2,477,1,1,8,25,0,1,0,0,0,0,0,0,0,9,195,479,395,0
2,478,1,1,4,15,0,1,0,0,0,0,0,0,0,9,233,0,394,0
2,479,1,1,1,5,0,0,94,94,0,0,0,0,0,9,235,0,0,0
2,480,1,1,254,0,0,0,0,0,0,0,0,0,0,10,153,0,0,0
2,481,1,1,254,0,0,0,0,0,0,0,0,0,0,10,155,0,0,0
2,482,1,1,254,0,0,0,0,0,0,0,0,0,0,10,157,0,0,0
2,483,1,1,254,0,0,0,0,0,0,0,0,0,0,10,159,0,0,0
2,484,1,1,254,0,0,0,0,0,0,0,0,0,0,10,161,0,0,0
2,485,1,1,254,0,0,0,0,0,0,0,0,0,0,10,163,0,0,0
2,486,1,1,254,0,0,0,0,0,0,0,0,0,0,10,191,0,0,0
2,487,1,1,254,0,0,0,0,0,0,0,0,0,0,10,193,0,0,0
2,488,1,1,254,0,0,0,0,0,0,0,0,0,0,10,195,501,0,0
2,489,1,1,254,0,0,0,0,0,0,0,0,0,0,10,197,501,0,0
2,490,1,1,254,0,0,0,0,0,0,0,0,0,0,10,199,0,0,0
2,491,1,1,254,0,0,0,0,0,0,0,0,0,0,10,201,0,0,0
2,492,1,1,254,0,0,0,0,0,0,0,0,0,0,10,230,0,0,0
2,493,1,1,254,0,0,0,0,0,0,0,0,0,2,10,232,500,0,59
2,494,1,1,254,750,0,0,0,0,0,0,0,0,0,10,234,501,0,0
2,495,1,1,254,0,0,0,0,0,0,0,0,0,2,10,236,500,0,59
2,496,1,1,254,0,0,0,0,0,0,0,0,0,0,10,238,0,0,0
2,497,1,1,254,0,0,0,0,0,0,0,0,0,0,10,270,0,0,0
2,498,1,1,254,0,0,0,0,0,0,0,0,0,0,10,272,0,0,0
2,499,1,1,254,0,0,0,0,0,0,0,0,0,0,10,274,0,0,0
2,500,1,1,10,25,0,2,0,0,0,0,0,0,0,10,169,0,0,252
2,501,1,0,6,5,0,0,0,0,0,0,0,0,1,10,171,4,0,0
2,502,0,0,0,150,0,1,0,0,0,0,0,0,0,21,37,0,0,0
2,503,1,0,0,300,0,1,0,0,0,0,0,0,0,21,75,0,0,0
2,504,0,0,0,500,0,1,0,0,0,0,0,0,0,21,113,0,0,0
2,505,1,0,0,750,0,1,0,0,0,0,0,0,0,21,19,0,0,0
2,506,1,0,0,1000,0,1,0,0,0,0,0,0,0,21,38,0,0,0
2,507,0,0,0,2000,0,1,0,0,0,0,0,0,0,21,57,0,0,0
2,508,0,0,0,50,0,1,0,0,0,0,0,0,0,21,76,0,0,0
2,509,0,0,0,250,0,1,0,0,0,0,0,0,0,21,95,0,0,0
2,510,0,0,0,500,0,1,0,0,0,0,0,0,0,21,114,0,0,0
2,511,1,0,2,10,0,0,0,0,0,0,0,0,1,13,19,2,0,0
2,512,1,1,0,1,0,0,0,0,0,0,0,0,1,21,191,0,0,0
2,513,1,1,0,1,0,1,0,0,0,0,0,0,1,21,159,0,0,0
2,514,1,1,12,25,0,0,0,0,0,0,0,0,0,7,163,515,0,0
2,515,1,0,5,0,0,3,0,0,0,0,0,0,1,7,190,0,0,0
2,516,0,1,20,50,0,0,0,0,0,0,0,0,0,9,1,0,0,0
2,517,0,1,20,0,0,0,0,0,0,0,0,0,0,9,3,0,0,0
2,518,0,1,20,0,0,0,0,0,0,0,0,0,0,9,5,0,0,0
2,519,0,1,20,0,0,0,0,0,0,0,0,0,0,9,39,0,0,0
2,520,0,1,20,0,0,0,0,0,0,0,0,0,0,9,41,0,0,0
2,521,0,1,20,0,0,0,0,0,0,0,0,0,0,9,43,0,0,0
2,522,0,1,40,10015,0,0,0,0,0,0,0,0,0,9,1,0,0,0
2,523,0,1,40,10015,0,0,0,0,0,0,0,0,0,9,3,0,0,0
2,524,0,1,40,10015,0,0,0,0,0,0,0,0,0,9,5,0,0,0
2,525,0,1,40,10015,0,0,0,0,0,0,0,0,0,9,39,0,0,0
2,526,0,1,40,10015,0,0,0,0,0,0,0,0,0,9,41,0,0,0
2,527,0,1,40,10015,0,0,0,0,0,0,0,0,0,9,43,0,0,0
2,528,0,1,20,100,0,0,0,0,0,0,0,0,0,8,153,0,0,0
2,529,1,1,15,50,0,2,0,0,0,0,0,0,2,8,163,530,0,0
2,530,1,0,4,5,0,5,0,0,0,0,0,0,1,8,171,0,0,0
2,531,1,1,8,30,0,2,0,0,0,0,0,0,2,8,79,532,0,0
2,532,1,0,3,30,0,2,0,0,0,0,0,0,1,8,228,4,0,0
2,533,1,1,0,-1,0,1,0,0,0,0,0,0,1,21,165,0,0,0
2,534,1,1,0,-2,0,1,0,0,0,0,0,0,1,21,203,0,0,0
2,535,1,1,0,-3,0,1,0,0,0,0,0,0,1,21,153,0,0,0
2,536,0,1,100,100,0,0,0,0,0,0,0,0,0,17,45,0,0,0
2,537,0,1,100,100,0,0,0,0,0,0,0,0,0,17,47,0,0,0
2,538,0,1,100,100,0,0,0,0,0,0,0,0,0,17,49,0,0,0
2,539,0,1,100,100,0,0,0,0,0,0,0,0,0,17,83,543,0,116
2,540,0,1,100,100,0,0,0,0,0,0,0,0,2,17,85,0,0,154
2,541,0,1,100,100,0,0,0,0,0,0,0,0,0,17,87,544,0,115
2,542,0,1,255,100,0,0,0,0,0,0,0,0,0,17,1,0,0,0
2,543,1,0,4,5,-2,5,0,0,0,0,0,0,1,8,171,0,0,0
2,544,1,0,4,5,2,5,0,0,0,0,0,0,1,8,171,0,0,0
2,545,0,1,5,10,0,0,0,0,0,0,0,0,0,8,77,0,0,0
2,546,0,1,80,0,0,0,0,0,0,15,0,3,1,23,203,0,0,63
2,547,0,1,80,0,0,0,0,0,0,15,0,3,1,23,205,0,0,63
2,548,0,1,80,0,0,0,0,0,0,15,0,3,1,23,165,0,0,63
2,549,0,1,80,0,0,0,0,0,0,15,0,3,1,23,167,0,0,63
2,550,0,1,80,250,0,0,0,0,0,15,0,3,0,23,267,551,0,76
2,551,1,0,4,5,0,1,0,0,0,6,0,0,1,8,171,94,0,0
2,552,0,1,0,0,0,0,0,0,0,0,0,0,1,5,17,0,0,253
2,553,0,1,0,0,0,0,0,0,0,0,0,0,1,5,93,0,0,254
2,554,1,1,10,50,0,0,0,0,0,0,0,0,1,5,169,0,0,0
2,555,1,1,20,75,0,0,0,0,0,0,0,0,1,9,201,0,0,0
2,556,0,0,3,10,1,-1,0,0,-16,10,0,0,0,7,19,0,0,0
2,557,0,0,3,10,0,0,0,0,0,0,0,0,0,7,38,0,0,0
2,558,0,0,3,10,0,0,0,0,0,0,0,0,0,7,57,0,0,0
2,559,0,1,30,10,0,0,0,0,0,0,0,0,2,7,49,0,0,63
2,560,0,1,5,100,0,5,0,0,0,-8,0,0,0,21,279,0,0,0
2,561,1,1,0,20002,0,1,0,0,0,0,0,0,0,21,127,0,0,0
2,562,1,1,0,20004,0,1,0,0,0,0,0,0,0,21,129,0,0,0
2,563,1,1,0,20008,0,1,0,0,0,0,0,0,0,21,131,0,0,0
2,564,1,1,255,50,0,0,0,0,0,0,0,0,0,5,283,0,0,0
2,565,1,1,20,50,0,0,0,0,0,0,0,0,0,5,281,0,0,0
2,566,1,1,255,0,0,0,0,0,0,0,0,0,1,5,167,0,0,0
2,567,1,1,20,200,0,0,0,0,0,0,0,0,1,5,165,0,0,255
2,568,0,1,30,250,0,0,0,0,0,0,0,0,0,23,269,455,0,0
2,569,0,1,6,100,7,0,0,0,-1,1,-7,7,1,17,117,0,0,0
2,570,0,1,254,100,0,7,0,0,-1,1,-7,7,0,17,115,0,0,0
2,571,0,1,254,100,0,-7,0,0,1,-1,7,-7,0,17,115,0,0,0
2,572,0,1,254,100,-7,0,0,0,1,-1,7,-7,0,17,115,0,0,0
2,573,0,1,25,50,0,0,0,0,0,0,0,0,0,8,165,0,0,0
2,574,0,1,25,50,0,0,0,0,0,0,0,0,0,20,127,0,0,0
2,575,0,1,25,50,0,0,0,0,0,0,0,0,0,8,155,0,0,0
2,576,0,1,25,50,0,0,0,0,0,0,0,0,0,20,123,0,0,0
2,577,1,1,0,10020,0,0,0,0,0,0,0,0,1,20,85,0,0,0
2,578,1,1,255,10,0,5,0,0,-1,2,-10,5,0,17,115,0,0,0
2,579,1,1,255,10,0,-5,0,0,1,-2,10,-5,0,17,115,0,0,0
2,580,1,1,255,10,0,7,0,0,-1,2,-14,7,0,17,115,0,0,0
2,581,1,1,255,10,0,-7,0,0,1,-2,14,-7,0,17,115,0,0,0
2,582,1,1,6,25,5,0,0,0,-2,2,-5,5,1,17,117,0,0,0
2,583,1,1,255,10,0,5,0,0,-2,2,-5,5,0,17,115,0,0,0
2,584,1,1,255,10,0,-5,0,0,2,-2,5,-5,0,17,115,0,0,0
2,585,1,1,255,10,-5,0,0,0,2,-2,5,-5,0,17,115,0,0,0
2,586,1,1,255,0,0,0,0,0,0,0,0,0,0,23,1,0,0,0
2,587,1,1,255,0,0,0,0,0,0,0,0,0,0,23,3,0,0,0
2,588,1,1,255,0,0,0,0,0,0,0,0,0,0,23,7,0,0,0
2,589,1,1,20,100,0,0,0,0,0,0,0,0,1,23,115,0,0,0
2,590,1,1,10,150,3,0,0,0,1,0,7,0,2,23,93,592,0,0
2,591,1,1,0,10020,0,0,0,0,0,0,0,0,1,20,85,0,0,0
2,592,1,0,3,10,0,4,0,0,0,0,0,0,1,23,9,0,0,0
2,593,1,1,0,10022,0,0,0,0,0,0,0,0,1,20,85,0,0,0
2,594,1,1,8,25,0,1,0,0,0,0,0,0,1,3,51,0,0,0
2,595,1,1,4,20,0,0,0,0,0,0,0,0,0,15,81,0,0,0
2,596,1,0,3,15,0,0,0,0,0,0,0,0,1,8,247,4,0,0
2,597,0,1,6,25,0,0,0,0,0,0,0,0,1,17,117,0,0,0
2,598,1,1,1,80,0,0,0,0,0,0,0,0,2,7,155,0,0,76
2,599,1,1,255,85,0,0,0,0,0,0,0,0,1,7,165,0,0,0
2,600,1,1,1,200,0,-1,0,0,0,0,0,0,2,7,191,0,0,76
2,601,1,1,1,200,0,-1,0,0,0,0,0,0,2,7,191,0,0,76
2,602,1,1,0,30001,4,1,0,0,4,0,4,0,0,26,153,0,0,0
2,603,1,1,0,30002,4,1,0,0,4,0,4,0,0,26,155,0,0,0
2,604,1,1,0,30003,4,1,0,0,4,0,4,0,0,26,157,0,0,0
2,605,1,1,0,30004,4,1,0,0,4,0,4,0,0,26,159,0,0,0
2,606,1,1,0,30005,4,1,0,0,4,0,4,0,0,26,161,0,0,0
2,607,1,1,0,30013,4,1,0,0,4,0,4,0,0,26,163,0,0,0
2,608,1,1,0,30007,4,1,0,0,4,0,4,0,0,26,165,0,0,0
2,609,1,1,0,30008,4,1,0,0,4,0,4,0,0,26,167,0,0,0
2,610,1,1,0,31009,4,1,0,0,4,0,4,0,0,26,169,0,0,0
2,611,1,1,0,31010,4,1,0,0,4,0,4,0,0,26,191,0,0,0
2,612,1,1,0,31011,4,1,0,0,4,0,4,0,0,26,193,0,0,0
2,613,1,1,0,31012,4,1,0,0,4,0,4,0,0,26,195,0,0,0
2,614,1,1,0,31014,4,1,0,0,4,0,4,0,0,26,197,0,0,0
2,615,1,1,0,31015,4,1,0,0,4,0,4,0,0,26,199,0,0,0
2,616,1,1,0,30017,4,1,0,0,4,0,4,0,0,26,201,0,0,0
2,617,1,1,0,30020,4,1,0,0,4,0,4,0,0,26,203,0,0,0
2,618,1,1,0,32001,4,1,0,0,4,0,4,0,0,26,205,0,0,0
2,619,1,1,0,32002,4,1,0,0,4,0,4,0,0,26,207,0,0,0
2,620,1,1,0,32003,4,1,0,0,4,0,4,0,0,26,229,0,0,0
2,621,1,1,0,32004,4,1,0,0,4,0,4,0,0,26,231,0,0,0
2,622,1,1,0,32007,4,1,0,0,4,0,4,0,0,26,233,0,0,0
2,623,1,1,0,32010,4,1,0,0,4,0,4,0,0,26,235,0,0,0
2,624,1,1,0,32006,4,1,0,0,4,0,4,0,0,26,237,0,0,0
2,625,1,1,0,32013,4,1,0,0,4,0,4,0,0,26,239,0,0,0
2,626,1,1,0,32015,4,1,0,0,4,0,4,0,0,26,241,0,0,0
2,627,1,1,0,31021,4,1,0,0,4,0,4,0,0,26,243,0,0,0
2,628,1,1,0,30000,4,1,0,0,4,0,4,0,0,26,41,0,0,0
2,629,1,1,0,31022,4,1,0,0,4,0,4,0,0,26,245,0,0,0
2,630,1,1,0,0,0,0,0,0,0,0,0,0,0,22,153,0,0,0
2,631,1,1,255,0,0,0,0,0,0,0,0,0,0,22,155,0,0,0
2,632,1,1,255,0,0,0,0,0,0,0,0,0,0,22,157,0,0,0
2,633,1,1,255,0,0,0,0,0,0,0,0,0,0,22,191,0,0,0
2,634,1,1,255,0,0,0,0,0,0,0,0,0,0,22,193,0,0,0
2,635,1,1,0,0,0,0,0,0,0,0,0,0,0,22,195,0,0,0
2,636,1,1,255,0,0,0,0,0,0,0,0,0,0,22,229,0,0,0
2,637,1,1,255,0,0,0,0,0,0,0,0,0,0,22,231,0,0,0
2,638,1,1,0,0,0,0,0,0,0,0,0,0,0,22,233,0,0,0
2,639,1,1,0,0,0,0,0,0,0,0,0,0,0,22,267,0,0,0
2,640,1,1,255,0,0,0,0,0,0,0,0,0,0,22,269,0,0,0
2,641,1,1,0,0,0,0,0,0,0,0,0,0,0,22,271,0,0,0
2,642,1,1,255,0,0,0,0,0,0,0,0,0,0,22,159,0,0,0
2,643,1,1,255,0,0,0,0,0,0,0,0,0,0,22,161,0,0,0
2,644,1,1,255,0,0,0,0,0,0,0,0,0,0,22,163,0,0,0
2,645,1,1,0,0,0,0,0,0,0,0,0,0,0,22,165,0,0,0
2,646,1,1,0,0,0,0,0,0,0,0,0,0,0,22,197,0,0,0
2,647,1,1,0,0,0,0,0,0,0,0,0,0,0,22,199,0,0,0
2,648,1,1,255,0,0,0,0,0,0,0,0,0,0,22,201,0,0,0
2,649,1,1,255,0,0,0,0,0,0,0,0,0,0,22,203,0,0,0
2,650,1,1,0,0,0,0,0,0,0,0,0,0,0,22,235,0,0,0
2,651,1,1,0,0,0,0,0,0,0,0,0,0,0,22,237,0,0,0
2,652,1,1,255,0,0,0,0,0,0,0,0,0,0,22,239,0,0,0
2,653,1,1,0,0,0,0,0,0,0,0,0,0,0,22,241,0,0,0
2,654,1,1,0,0,0,0,0,0,0,0,0,0,0,22,273,0,0,0
2,655,1,1,255,0,0,0,0,0,0,0,0,0,0,22,275,0,0,0
2,656,1,1,255,0,0,0,0,0,0,0,0,0,0,22,277,0,0,0
2,657,1,1,0,0,0,0,0,0,0,0,0,0,0,22,279,0,0,0
2,658,1,1,25,500,0,0,0,0,0,0,0,0,1,22,167,0,0,0
2,659,1,1,25,250,0,0,0,0,0,0,0,0,1,22,169,0,0,0
2,660,1,0,2,5,0,2,0,0,0,3,0,0,0,22,171,0,0,0
2,661,1,0,2,5,0,2,0,0,0,3,0,0,0,22,190,0,0,0
2,662,1,1,30,250,0,0,0,0,0,0,0,0,0,9,77,0,0,0
2,663,1,1,30,0,0,0,0,0,0,0,0,0,0,9,79,0,0,0
2,664,1,1,30,0,0,0,0,0,0,0,0,0,0,9,81,0,0,0
2,665,1,1,30,0,0,0,0,0,0,0,0,0,0,9,83,0,0,0
2,666,1,1,30,0,0,0,0,0,0,0,0,0,0,9,115,0,0,0
2,667,1,1,30,0,0,0,0,0,0,0,0,0,0,9,117,0,0,0
2,668,1,1,30,0,0,0,0,0,0,0,0,0,0,9,119,0,0,0
2,669,1,1,30,0,0,0,0,0,0,0,0,0,0,9,121,0,0,0
2,670,1,1,30,250,0,0,0,0,0,0,0,0,0,9,85,0,0,0
2,671,1,1,30,0,0,0,0,0,0,0,0,0,0,9,87,0,0,0
2,672,1,1,30,0,0,0,0,0,0,0,0,0,0,9,89,0,0,0
2,673,1,1,30,0,0,0,0,0,0,0,0,0,0,9,91,0,0,0
2,674,1,1,30,0,0,0,0,0,0,0,0,0,0,9,123,0,0,0
2,675,1,1,30,0,0,0,0,0,0,0,0,0,0,9,125,0,0,0
2,676,1,1,30,0,0,0,0,0,0,0,0,0,0,9,127,0,0,0
2,677,1,1,30,0,0,0,0,0,0,0,0,0,0,9,129,0,0,0
2,678,1,1,10,25,0,2,0,0,0,0,0,0,1,9,277,0,0,0
2,679,1,1,255,0,0,3,0,0,0,0,0,0,0,9,199,0,0,0
2,680,1,1,255,0,0,3,0,0,0,0,0,0,0,9,237,0,0,0
2,681,1,1,10,50,0,1,0,0,20,0,2,0,1,9,277,0,0,0
2,682,1,1,20,100,0,3,0,0,0,0,0,0,0,9,191,0,0,0
2,683,1,1,20,0,0,3,0,0,0,0,0,0,0,9,193,0,0,0
2,684,1,1,20,0,0,3,0,0,0,0,0,0,0,9,229,0,0,0
2,685,1,1,20,0,0,3,0,0,0,0,0,0,0,9,231,0,0,0
2,686,1,1,15,100,0,1,0,0,0,0,0,0,0,9,195,687,395,149
2,687,1,1,1,5,0,-2,94,0,0,20,0,0,0,9,235,0,0,0
2,688,1,1,0,10014,0,0,0,0,0,0,0,0,1,20,85,0,0,0
2,689,1,1,2,0,0,2,0,0,0,0,0,0,2,8,79,0,0,59
2,690,1,1,0,10018,0,0,0,0,0,0,0,0,1,20,85,0,0,0
2,691,1,0,2,5,0,2,0,0,0,0,0,0,0,4,83,0,0,0
2,692,1,0,2,5,0,3,0,0,0,0,0,0,0,4,84,0,0,0
2,693,1,0,2,5,0,4,0,0,0,0,0,0,0,4,103,0,0,0
2,694,1,0,2,5,0,5,0,0,0,0,0,0,0,4,122,0,0,0
2,695,1,1,0,10024,0,0,0,0,0,0,0,0,1,20,123,0,0,0
2,696,1,1,0,0,0,0,0,0,0,0,0,0,0,9,197,0,0,136
2,697,1,1,0,0,0,0,0,0,0,0,0,0,0,9,197,0,0,136
2,698,1,1,255,0,0,0,0,0,0,0,0,0,0,9,197,709,0,0
2,699,1,1,255,0,0,0,0,0,0,0,0,0,0,9,197,0,0,0
2,700,1,1,10,50,0,3,0,0,0,0,0,0,1,5,169,0,0,0
2,701,1,1,20,100,0,2,0,0,0,0,0,0,1,5,167,0,0,0
2,702,1,1,10,20,0,2,0,0,0,0,0,0,0,15,276,0,0,0
2,703,1,1,20,75,0,2,0,0,0,0,0,0,0,15,245,0,0,0
2,704,1,1,5,25,0,2,0,0,0,0,0,0,0,15,207,0,0,0
2,705,1,1,10,50,0,2,0,0,0,0,0,0,0,15,169,0,0,0
2,706,1,1,18,200,0,2,0,0,0,0,0,0,0,15,278,710,0,0
2,707,1,1,30,100,0,2,0,0,0,0,0,0,0,15,283,0,0,133
2,708,1,1,40,150,0,2,0,0,0,0,0,0,0,15,281,533,0,0
2,709,1,1,30,100,0,5,0,0,0,0,0,0,1,15,115,0,0,0
2,710,1,0,5,10,0,6,0,0,0,0,0,0,0,15,171,0,0,0
2,711,1,1,0,0,0,0,0,0,0,0,0,0,0,15,121,0,0,0
2,712,1,1,0,0,0,0,0,0,0,0,0,0,0,15,123,0,0,0
2,713,1,1,255,0,0,4,0,0,0,0,0,0,0,15,13,0,0,0
2,714,1,1,255,0,0,4,0,0,0,0,0,0,0,15,15,0,0,0
2,715,1,1,255,0,0,4,0,0,0,0,0,0,0,15,17,0,0,0
2,716,1,1,255,0,0,4,0,0,0,0,0,0,0,15,51,0,0,0
2,717,1,1,255,0,0,4,0,0,0,0,0,0,0,15,53,0,0,0
2,718,1,1,255,0,0,4,0,0,0,0,0,0,0,15,55,0,0,0
2,719,1,1,255,0,0,4,0,0,0,0,0,0,0,15,89,0,0,0
2,720,1,1,255,0,0,4,0,0,0,0,0,0,0,15,91,0,0,0
2,721,1,1,255,0,0,4,0,0,0,0,0,0,0,15,93,0,0,0
2,722,1,1,255,0,0,0,0,0,0,0,0,0,0,15,161,0,0,0
2,723,1,1,255,0,0,0,0,0,0,0,0,0,0,15,163,0,0,0
2,724,1,1,255,0,0,0,0,0,0,0,0,0,0,15,199,0,0,0
2,725,1,1,255,0,0,0,0,0,0,0,0,0,0,15,237,0,0,0
2,726,1,1,255,0,0,0,0,0,0,0,0,0,0,15,238,0,0,0
2,727,1,1,255,0,0,0,0,0,0,0,0,0,0,15,165,0,0,0
2,728,1,1,255,0,0,0,0,0,0,0,0,0,0,15,167,0,0,0
2,729,1,1,255,0,0,0,0,0,0,0,0,0,0,15,205,0,0,0
2,730,1,1,255,0,0,0,0,0,0,0,0,0,0,15,242,0,0,0
2,731,1,1,255,0,0,0,0,0,0,0,0,0,0,15,243,0,0,0
2,732,1,1,50,0,0,0,0,0,0,0,0,0,2,15,153,0,0,150
2,733,1,1,50,0,0,0,0,0,0,0,0,0,2,15,191,0,0,150
2,734,1,1,255,0,0,0,0,0,0,0,0,0,0,15,195,0,0,0
2,735,1,1,60,0,0,0,0,0,0,0,0,0,0,19,156,0,0,133
2,736,1,1,60,0,0,0,0,0,0,0,0,0,0,19,164,0,0,133
2,737,1,1,60,0,0,0,0,0,0,0,0,0,2,19,191,703,0,0
2,738,1,1,60,0,0,0,0,0,0,0,0,0,2,19,193,703,0,0
2,739,0,1,0,0,0,0,0,0,0,0,0,0,1,12,165,0,0,0
2,740,0,1,0,0,0,0,0,0,0,0,0,0,1,12,167,0,0,0
2,741,0,1,0,0,0,0,0,0,0,0,0,0,1,12,169,0,0,0
2,742,0,1,0,0,0,0,0,0,0,0,0,0,1,12,203,0,0,0
2,743,0,1,0,0,0,0,0,0,0,0,0,0,1,12,205,0,0,0
2,744,0,1,0,0,0,0,0,0,0,0,0,0,1,12,207,0,0,0
2,745,0,1,10,50,0,0,0,0,0,0,0,0,1,14,43,0,0,0
2,746,0,1,10,0,0,0,0,0,0,0,0,0,0,14,45,0,0,0
2,747,0,1,10,0,0,0,0,0,0,0,0,0,1,14,5,0,0,0
2,748,0,1,10,0,0,0,0,0,0,0,0,0,0,14,7,0,0,0
2,749,0,1,12,25,0,0,0,0,0,0,0,0,2,14,77,0,0,110
2,750,0,1,6,10,0,0,0,0,0,0,0,0,0,14,1,0,0,0
2,751,0,1,15,50,0,0,0,0,0,0,0,0,2,14,83,0,0,63
2,752,1,0,20,0,4,0,0,0,0,0,0,0,1,14,19,0,0,0
2,753,0,1,20,0,0,0,0,0,0,0,0,0,2,11,229,0,0,0
2,754,0,1,20,50,0,0,0,0,0,0,0,0,2,11,231,752,0,0
2,755,1,0,20,0,-4,0,0,0,0,0,0,0,1,14,19,0,0,0
2,756,0,1,20,50,0,0,0,0,0,0,0,0,2,11,267,755,0,0
2,757,0,1,20,0,0,0,0,0,0,0,0,0,2,11,269,0,0,0
2,758,0,1,20,25,0,0,0,0,0,0,0,0,2,11,153,0,0,0
2,759,0,1,20,0,0,0,0,0,0,0,0,0,2,11,191,0,0,133
2,760,1,1,40,50,0,1,0,0,0,0,0,0,0,14,117,533,0,0
2,761,1,1,40,50,0,1,0,0,0,0,0,0,0,14,117,394,0,0
2,762,1,0,20,0,-3,-3,0,0,0,0,0,0,1,14,19,0,0,0
2,763,0,1,0,0,0,0,0,0,0,0,0,0,2,14,119,762,0,0
2,764,0,1,40,0,0,0,0,0,0,0,0,0,2,14,89,0,0,0
2,765,0,1,40,50,0,0,0,0,0,0,0,0,0,14,127,0,0,0
2,766,0,1,40,50,0,0,0,0,0,0,0,0,2,14,129,0,0,0
2,767,1,0,20,0,3,-3,0,0,0,0,0,0,1,14,19,0,0,0
2,768,0,1,40,0,0,0,0,0,0,0,0,0,2,11,165,0,0,0
2,769,0,1,0,0,0,0,0,0,0,0,0,0,2,11,167,767,0,0
2,770,0,1,40,50,0,0,0,0,0,0,0,0,2,11,203,0,0,0
2,771,0,1,40,50,0,0,0,0,0,0,0,0,0,11,205,0,0,0
2,772,1,1,254,50,0,0,0,0,0,0,0,0,2,14,193,0,0,76
2,773,1,1,254,50,0,0,0,0,0,0,0,0,2,14,195,0,0,76
2,774,1,1,254,50,0,0,0,0,0,0,0,0,2,14,241,0,0,0
2,775,1,1,254,50,0,0,0,0,0,0,0,0,2,14,243,0,0,0
2,776,1,1,10,50,0,0,0,0,0,0,0,0,1,17,89,0,0,132
2,777,1,1,6,25,0,0,0,0,0,0,0,0,0,17,125,0,0,0
2,778,1,1,15,25,0,0,0,0,0,0,0,0,1,11,49,0,0,0
2,779,1,1,255,25,0,0,0,0,0,0,0,0,1,5,277,0,0,0
2,780,1,1,100,150,0,0,0,0,0,0,0,0,0,5,229,0,0,0
2,781,1,1,0,0,0,0,0,0,0,0,0,0,0,5,237,0,0,0
2,782,1,1,100,150,0,0,0,0,0,0,0,0,0,5,267,0,0,0
2,783,1,1,0,0,0,0,0,0,0,0,0,0,0,5,275,0,0,0
2,784,1,1,0,0,0,0,0,0,0,0,0,0,0,5,7,0,0,0
2,785,1,1,100,150,0,0,0,0,0,0,0,0,0,5,9,0,0,0
2,786,1,1,0,0,0,0,0,0,0,0,0,0,0,5,45,0,0,0
2,787,1,1,100,150,0,0,0,0,0,0,0,0,0,5,47,0,0,0
2,788,1,1,0,0,0,0,0,0,0,0,0,0,0,5,49,0,0,0
2,789,1,1,0,0,0,0,0,0,0,0,0,0,0,5,51,0,0,0
2,790,1,1,20,100,0,0,0,0,0,0,0,0,1,28,1,0,0,0
2,791,1,1,20,0,0,0,0,0,0,0,0,0,1,28,39,0,0,0
2,792,1,1,8,25,3,-3,0,0,0,0,0,0,0,28,12,0,0,0
2,793,1,1,8,25,-3,-3,0,0,0,0,0,0,0,28,50,0,0,0
2,794,1,1,8,25,0,-3,0,0,0,0,0,0,0,28,10,0,0,0
2,795,1,1,8,25,0,1,0,0,0,0,0,0,0,12,284,0,0,131
2,796,1,1,254,50,0,1,0,0,0,0,0,0,0,28,89,0,0,131
2,797,1,1,254,100,0,1,0,0,0,0,0,0,2,28,91,799,0,131
2,798,1,1,254,50,0,1,0,0,0,0,0,0,0,28,93,0,0,131
2,799,1,1,20,25,0,1,92,0,0,0,0,0,1,28,123,0,0,131
2,800,1,1,0,-4,0,1,0,0,0,0,0,0,0,21,89,0,0,0
2,801,1,1,0,-5,0,1,0,0,0,0,0,0,0,21,92,0,0,0
2,802,1,1,2,25,0,0,94,94,2,2,5,5,1,28,153,1,0,0
2,803,1,1,4,40,0,1,0,0,0,0,0,0,1,28,191,3,0,131
2,804,1,0,0,0,0,1,0,0,0,0,0,0,0,28,19,0,0,131
2,805,1,0,0,0,0,1,0,0,0,0,0,0,0,28,38,0,0,131
2,806,1,0,0,0,0,1,0,0,0,0,0,0,0,28,57,0,0,131
2,807,1,1,20,100,0,1,0,0,0,0,0,0,2,28,91,802,0,131
2,808,1,1,20,100,0,1,0,0,0,0,0,0,2,28,91,803,0,131
2,809,1,1,3,0,0,-2,0,0,0,0,0,0,0,11,163,0,0,131
2,810,1,1,254,0,0,2,0,0,0,0,0,0,0,28,8,0,0,0
2,811,1,1,30,50,0,2,0,0,0,0,0,0,0,28,159,812,0,0
2,812,1,0,6,10,0,3,0,0,0,0,0,0,0,28,171,0,0,0
2,813,1,1,10,25,0,-2,0,0,0,0,0,0,0,28,163,0,0,0
2,814,1,1,10,50,0,2,0,0,0,0,0,0,0,28,165,0,0,0
2,815,1,1,20,50,0,1,0,0,0,0,0,0,2,28,197,816,0,0
2,816,1,0,3,10,0,0,0,0,0,0,0,0,1,28,190,4,0,0
2,817,1,1,20,50,0,-2,0,0,0,0,0,0,0,28,161,0,0,0
2,818,1,1,20,50,0,1,0,0,0,0,0,0,0,28,48,0,0,68
2,819,0,1,15,50,0,0,0,0,0,0,0,0,2,29,125,0,0,62
2,820,0,1,15,100,0,0,0,0,0,0,0,0,2,29,153,0,0,70
2,821,0,1,15,50,0,0,0,0,0,0,0,0,2,29,229,0,0,69
2,822,1,1,4,10,0,1,0,0,0,0,0,0,1,9,13,0,0,0
2,823,1,1,0,10027,0,0,0,0,0,0,0,0,1,20,85,0,0,0
2,824,1,1,6,50,0,0,0,0,0,0,0,0,0,10,3,0,825,0
2,825,1,1,10,0,0,0,0,0,1,6,3,0,0,10,3,0,394,12
2,826,1,1,2,0,0,2,0,0,0,0,0,0,0,8,117,0,0,68
2,827,1,1,0,30031,4,1,0,0,4,0,4,0,0,26,267,0,0,0
2,828,1,1,0,30027,4,1,0,0,4,0,4,0,0,26,269,0,0,0
2,829,1,1,0,32101,4,1,0,0,4,0,4,0,0,26,271,0,0,0
2,830,1,1,0,32102,4,1,0,0,4,0,4,0,0,26,273,0,0,0
2,831,1,1,0,32103,4,1,0,0,4,0,4,0,0,26,275,0,0,0
2,832,1,1,0,32104,4,1,0,0,4,0,4,0,0,26,277,0,0,0
2,833,1,1,0,32105,4,1,0,0,4,0,4,0,0,26,121,0,0,0
2,834,1,1,0,32106,4,1,0,0,4,0,4,0,0,26,123,0,0,0
2,835,1,1,250,5000,0,0,0,0,0,0,0,0,2,29,123,836,0,68
2,836,1,1,8,25,0,4,0,0,0,0,0,0,1,11,49,0,0,0
2,837,1,1,50,10,0,0,0,0,0,0,0,0,0,17,1,0,0,0
2,838,0,1,10,75,0,0,0,0,0,0,0,0,2,5,91,839,0,0
2,839,1,0,20,5,-3,3,0,0,0,0,0,0,1,14,19,0,0,0
2,840,0,1,15,75,0,0,0,0,0,0,0,0,2,10,39,841,0,0
2,841,1,1,25,10,4,0,0,0,0,0,0,0,1,5,277,0,0,0
2,842,0,1,6,75,0,0,0,0,0,0,0,0,0,5,89,0,0,0
2,843,1,1,0,10030,0,1,0,0,0,0,0,0,1,20,85,0,0,0
2,844,1,1,20,250,0,0,0,0,0,0,0,0,0,23,271,0,0,72
2,845,1,1,10,0,0,0,0,0,0,0,0,0,0,17,15,0,503,0
2,846,1,1,10,50,0,0,0,0,0,0,0,0,0,17,17,850,0,0
2,847,1,1,10,100,0,0,0,0,0,0,0,0,0,17,53,0,0,0
2,848,1,1,20,2000,0,0,0,0,0,0,0,0,0,17,55,0,0,0
2,849,1,1,255,100,0,0,0,0,0,0,0,0,0,17,1,0,0,0
2,850,1,1,15,0,0,0,0,0,0,0,0,0,1,17,129,4,0,0
3,0,1,1,1,0,0,0,0,0,0,0,0,0,0,0,0,0,0,0
3,1,1,1,254,2250,0,0,0,0,0,0,0,0,2,2,1,2,0,127
3,2,1,1,10,25,0,5,0,0,0,0,0,0,0,10,169,0,0,252
3,3,1,0,2,5,0,0,92,0,0,8,0,0,1,1,171,0,0,0
3,4,1,1,4,25,0,1,0,0,0,0,0,0,1,1,159,0,0,0
3,5,1,1,6,20,0,0,0,0,0,0,0,0,1,1,229,0,0,0
3,6,1,1,6,25,0,0,0,0,0,0,0,0,0,1,85,0,0,0
3,7,1,1,6,25,0,0,0,0,0,0,0,0,0,1,87,0,0,0
3,8,1,1,6,25,0,0,0,0,0,0,0,0,0,1,123,0,0,0
3,9,1,1,6,25,0,0,0,0,0,0,0,0,0,1,125,0,0,0
3,10,1,1,3,15,0,1,0,0,0,0,0,0,1,1,191,0,0,0
3,11,1,1,6,20,0,0,97,97,0,0,0,0,1,1,243,0,0,0
3,12,1,1,3,15,0,1,0,0,0,0,0,0,1,1,205,0,0,0
3,13,1,1,6,25,0,0,0,0,0,0,0,0,0,1,85,0,0,116
3,14,1,1,6,25,0,0,0,0,0,0,0,0,0,1,87,0,0,115
3,15,0,1,10,20,0,0,0,0,0,0,0,0,0,1,91,0,0,2
3,16,1,0,12,5,0,0,0,0,0,8,0,0,1,1,171,0,0,0
3,17,1,1,5,20,0,1,0,0,0,0,0,0,0,1,267,0,0,59
3,18,1,1,50,0,0,0,0,0,16,0,0,0,0,1,7,0,0,0
3,19,1,1,50,0,0,0,0,0,16,0,0,0,0,1,9,0,0,0
3,20,1,1,50,500,0,0,0,0,16,0,0,0,0,1,11,0,0,0
3,21,1,1,50,0,0,0,0,0,-16,0,0,0,0,1,5,0,0,0
3,22,1,1,50,0,0,0,0,0,-16,0,0,0,0,1,3,0,0,0
3,23,1,1,50,500,0,0,0,0,-16,0,0,0,0,1,1,0,0,0
3,24,1,1,2,50,2,2,0,0,10,-20,0,0,0,1,269,0,0,62
3,25,1,1,2,50,-2,2,0,0,-10,-20,0,0,0,1,271,0,0,62
3,26,1,1,4,10,0,0,0,0,0,0,0,0,0,1,49,0,0,125
3,27,1,1,4,10,0,0,0,0,0,0,0,0,0,1,51,0,0,126
3,28,1,1,4,10,0,0,0,0,-12,0,-2,0,0,1,49,0,0,125
3,29,1,1,4,10,0,0,0,0,12,0,2,0,0,1,51,0,0,126
3,30,1,1,6,15,0,0,0,0,0,0,0,0,0,1,89,0,0,0
3,31,1,1,6,25,0,0,0,0,0,0,0,0,0,1,127,0,0,0
3,32,0,1,6,2,0,0,0,0,0,0,0,0,0,1,273,0,0,0
3,33,0,1,6,2,0,0,0,0,0,0,0,0,0,1,275,0,0,0
3,34,0,1,6,2,0,0,0,0,0,0,0,0,0,1,277,0,0,0
3,35,0,1,6,2,0,0,0,0,0,0,0,0,0,1,279,0,0,0
3,36,0,1,6,2,0,0,0,0,0,0,0,0,0,1,281,0,0,0
3,37,0,1,6,2,0,0,0,0,0,0,0,0,0,1,283,0,0,0
3,38,0,1,6,2,0,0,0,0,0,0,0,0,0,1,245,0,0,0
3,39,0,1,6,2,0,0,0,0,0,0,0,0,0,1,207,0,0,0
3,40,0,1,10,10,0,0,0,0,0,0,0,0,2,1,153,0,0,59
3,41,0,1,20,100,0,0,0,0,0,0,0,0,0,1,169,0,0,0
3,42,0,1,12,10,0,0,0,0,0,0,0,0,0,1,15,0,0,0
3,43,0,1,12,10,0,0,0,0,0,0,0,0,0,1,17,0,0,0
3,44,0,1,12,10,0,0,0,0,0,0,0,0,0,1,53,0,0,0
3,45,0,1,12,10,0,0,0,0,0,0,0,0,0,1,55,0,0,0
3,46,1,1,254,0,0,0,0,0,0,0,0,0,0,2,10,0,0,0
3,47,1,1,254,0,0,0,0,0,0,0,0,0,0,2,12,0,0,0
3,48,1,1,254,250,0,0,0,0,0,0,0,0,0,2,14,0,0,0
3,49,1,1,254,0,0,0,0,0,0,0,0,0,0,2,16,0,0,0
3,50,1,1,254,0,0,0,0,0,0,0,0,0,0,2,18,0,0,0
3,51,1,1,254,0,0,0,0,0,0,0,0,0,0,2,48,0,0,0
3,52,1,1,254,0,0,0,0,0,0,0,0,0,0,2,50,0,0,0
3,53,1,1,254,1,0,0,0,0,0,0,0,0,2,2,1,3,0,127
3,54,1,1,254,0,0,0,0,0,0,0,0,0,0,2,54,0,0,0
3,55,1,1,254,0,0,0,0,0,0,0,0,0,0,2,56,0,0,0
3,56,1,1,100,0,0,0,0,0,0,0,0,0,0,2,86,0,0,0
3,57,1,1,100,0,0,0,0,0,0,0,0,0,0,2,88,0,0,0
3,58,1,1,254,0,0,0,0,0,0,0,0,0,0,2,90,0,0,0
3,59,1,1,100,0,0,0,0,0,0,0,0,0,0,2,92,0,0,0
3,60,1,1,100,0,0,0,0,0,0,0,0,0,0,2,94,0,0,0
3,61,1,1,0,0,0,0,0,0,0,0,0,0,0,2,124,0,0,0
3,62,1,1,100,0,0,0,0,0,0,0,0,0,0,2,126,0,0,0
3,63,1,1,254,0,0,0,0,0,0,0,0,0,0,2,128,0,0,0
3,64,1,1,100,0,0,0,0,0,0,0,0,0,0,2,130,0,0,0
3,65,1,1,0,0,0,0,0,0,0,0,0,0,0,2,132,0,0,0
3,66,1,1,50,0,0,0,0,0,0,0,0,0,0,2,153,0,0,0
3,67,1,1,50,0,0,0,0,0,0,0,0,0,0,2,155,0,0,0
3,68,1,1,50,0,0,0,0,0,0,0,0,0,0,2,157,0,0,0
3,69,1,1,50,0,0,0,0,0,0,0,0,0,0,2,159,0,0,0
3,70,1,1,50,0,0,0,0,0,0,0,0,0,0,2,191,0,0,0
3,71,1,1,50,0,0,0,0,0,0,0,0,0,0,2,193,0,0,0
3,72,1,1,50,1000,0,0,0,0,0,0,0,0,0,2,195,0,0,0
3,73,1,1,50,0,0,0,0,0,0,0,0,0,0,2,231,0,0,0
3,74,1,1,50,0,0,0,0,0,0,0,0,0,0,2,233,0,0,0
3,75,1,1,50,0,0,0,0,0,0,0,0,0,0,2,235,0,0,0
3,76,1,1,50,0,0,0,0,0,0,0,0,0,0,2,267,0,0,0
3,77,1,1,50,0,0,0,0,0,0,0,0,0,0,2,269,0,0,0
3,78,1,1,50,0,0,0,0,0,0,0,0,0,0,2,271,0,0,0
3,79,1,1,50,1000,0,0,0,0,0,0,0,0,0,2,273,0,0,0
3,80,0,1,20,0,0,0,0,0,0,0,0,0,2,3,39,0,0,0
3,81,0,1,20,0,0,0,0,0,0,0,0,0,2,3,41,0,0,0
3,82,0,1,20,0,0,0,0,0,0,0,0,0,2,3,1,0,0,0
3,83,0,1,20,0,0,0,0,0,0,0,0,0,2,3,3,0,0,0
3,84,0,1,14,0,0,0,0,0,0,0,0,0,2,3,55,0,0,59
3,85,0,1,14,0,0,0,0,0,0,0,0,0,2,3,169,0,0,0
3,86,0,1,14,0,0,0,0,0,0,0,0,0,2,3,207,463,0,0
3,87,0,1,20,0,0,0,0,0,0,0,0,0,0,3,199,0,0,0
3,88,0,1,20,0,0,0,0,0,0,0,0,0,0,3,201,0,0,0
3,89,0,1,20,0,0,0,0,0,0,0,0,0,0,3,161,0,0,0
3,90,0,1,20,0,0,0,0,0,0,0,0,0,0,3,163,0,0,0
3,91,1,1,10,0,4,0,0,0,0,0,0,0,0,4,125,454,502,0
3,92,1,1,254,0,4,0,0,0,0,0,0,0,0,4,127,0,0,0
3,93,1,0,3,0,0,1,0,0,-4,0,-6,0,1,4,19,0,0,0
3,94,1,0,3,0,0,2,0,0,-6,0,0,0,1,4,19,0,0,0
3,95,1,0,3,0,0,3,0,0,-12,0,0,0,1,4,19,0,0,0
3,96,1,0,3,0,0,4,0,0,0,0,0,0,1,4,19,0,0,0
3,97,1,0,3,0,0,3,0,0,12,0,0,0,1,4,19,0,0,0
3,98,1,0,3,0,0,2,0,0,6,0,0,0,1,4,19,0,0,0
3,99,1,0,3,0,0,1,0,0,4,0,6,0,1,4,19,0,0,0
3,100,1,1,10,0,0,1,0,0,0,0,0,0,1,4,153,454,0,0
3,101,1,1,254,0,0,1,0,0,0,0,0,0,1,4,191,0,0,0
3,102,1,1,6,0,0,6,0,0,1,-10,4,0,1,4,267,0,0,0
3,103,1,1,6,0,0,6,0,0,-1,-10,-4,0,1,4,267,0,0,0
3,104,1,1,12,0,0,1,0,0,0,0,0,0,1,4,1,0,508,63
3,105,1,0,3,0,0,1,0,0,-3,0,-8,0,1,4,19,0,0,0
3,106,1,1,200,0,0,0,0,0,0,0,0,0,0,4,9,0,0,0
3,107,1,1,200,0,0,0,0,0,0,0,0,0,0,4,45,0,0,0
3,108,1,1,20,0,0,-8,0,0,4,10,0,0,1,4,115,0,0,0
3,109,1,1,60,0,0,0,0,0,0,0,0,0,1,4,277,0,0,0
3,110,1,1,60,0,0,0,0,0,0,0,0,0,0,4,203,0,0,0
3,111,1,1,0,0,0,0,0,0,0,0,0,0,0,4,241,0,0,0
3,112,1,1,254,0,0,0,0,0,0,0,0,0,0,4,167,0,0,0
3,113,1,1,254,0,0,0,0,0,0,0,0,0,0,4,205,0,0,0
3,114,1,1,0,0,0,0,0,0,0,0,0,0,0,4,243,0,0,0
3,115,1,1,254,0,0,0,0,0,0,0,0,0,0,4,169,0,0,0
3,116,1,1,254,0,0,0,0,0,0,0,0,0,0,4,207,0,0,0
3,117,1,1,0,0,0,0,0,0,0,0,0,0,0,4,245,0,0,0
3,118,1,1,254,0,0,0,0,0,0,0,0,0,0,4,161,0,0,0
3,119,1,1,254,0,0,0,0,0,0,0,0,0,0,4,199,0,0,0
3,120,1,1,0,0,0,0,0,0,0,0,0,0,0,4,237,0,0,0
3,121,0,1,10,5,0,0,0,0,0,0,0,0,0,1,115,0,0,0
3,122,0,1,10,5,0,0,0,0,0,0,0,0,0,1,117,0,0,0
3,123,0,1,10,5,0,0,0,0,0,0,0,0,0,1,77,0,0,0
3,124,0,1,10,5,0,0,0,0,0,0,0,0,0,1,79,0,0,0
3,125,0,1,10,5,0,0,0,0,0,0,0,0,0,1,119,0,0,0
3,126,0,1,10,5,0,0,0,0,0,0,0,0,0,1,121,0,0,0
3,127,0,1,10,5,0,0,0,0,0,0,0,0,0,1,81,0,0,0
3,128,0,1,10,5,0,0,0,0,0,0,0,0,0,1,83,0,0,0
3,129,1,1,25,0,0,1,0,0,0,0,0,0,1,3,51,0,0,134
3,130,1,1,15,0,0,1,0,0,0,0,0,0,1,3,53,0,0,0
3,131,1,1,15,0,0,1,0,0,0,0,0,0,1,3,53,0,0,140
3,132,1,0,5,0,0,1,0,0,0,0,0,0,0,3,152,0,0,0
3,133,1,1,10,0,0,4,0,0,0,0,0,6,1,3,13,0,0,141
3,134,1,1,8,0,0,-5,0,0,0,0,0,0,1,3,237,0,0,135
3,135,1,1,3,0,0,1,0,0,0,0,0,0,0,8,5,0,0,0
3,136,1,1,3,0,0,2,0,0,0,0,0,0,0,8,5,0,0,0
3,137,1,1,3,0,0,3,0,0,0,0,0,0,0,8,5,0,0,0
3,138,1,1,10,0,0,0,0,0,0,0,0,0,0,8,39,0,0,0
3,139,1,1,10,0,0,0,0,0,0,0,0,0,0,8,41,0,0,0
3,140,1,1,10,0,0,0,0,0,0,0,0,0,0,8,1,0,0,0
3,141,1,1,10,0,0,0,0,0,0,0,0,0,0,8,3,0,0,0
3,142,0,1,10,25,0,0,0,0,0,0,0,0,2,7,1,0,0,63
3,143,0,1,15,100,0,0,0,0,0,0,0,0,2,7,39,0,0,144
3,144,1,0,2,5,0,0,0,0,0,0,0,0,2,7,38,0,0,142
3,145,0,1,18,50,0,0,0,0,0,0,0,0,0,7,245,0,0,0
3,146,0,1,18,0,0,0,0,0,0,0,0,0,0,7,283,0,0,0
3,147,1,1,10,25,0,0,0,0,0,0,0,0,1,11,1,0,0,0
3,148,1,1,3,50,2,0,0,0,0,0,0,0,1,11,77,0,0,0
3,149,1,1,254,25,0,0,0,0,0,0,0,0,0,10,1,0,0,0
3,150,1,1,254,25,0,0,0,0,0,0,0,0,0,10,3,0,0,0
3,151,1,1,254,25,0,0,0,0,0,0,0,0,0,10,5,0,0,0
3,152,1,1,254,25,0,0,0,0,0,0,0,0,0,10,7,0,0,0
3,153,0,1,14,50,0,0,0,0,0,0,0,0,2,12,39,0,0,59
3,154,0,1,20,50,0,0,0,0,0,0,0,0,0,12,119,0,0,0
3,155,0,1,20,0,0,0,0,0,0,0,0,0,0,12,121,0,0,0
3,156,0,1,20,0,0,0,0,0,0,0,0,0,0,12,81,0,0,0
3,157,0,1,20,0,0,0,0,0,0,0,0,0,0,12,83,0,0,0
3,158,0,1,20,50,0,0,0,0,0,0,0,0,2,12,43,0,0,0
3,159,0,1,20,0,0,0,0,0,0,0,0,0,2,12,45,0,0,0
3,160,0,1,20,0,0,0,0,0,0,0,0,0,2,12,5,0,0,116
3,161,0,1,20,0,0,0,0,0,0,0,0,0,2,12,7,0,0,0
3,162,0,1,15,25,0,0,0,0,0,0,0,0,2,10,39,0,0,59
3,163,1,1,3,20,0,0,0,0,0,0,0,0,0,10,125,0,0,92
3,164,1,1,4,25,0,0,0,0,0,0,0,0,0,10,11,0,0,8
3,165,1,1,6,40,0,0,0,0,0,0,0,0,0,10,49,0,0,12
3,166,1,1,8,50,0,0,0,0,0,0,0,0,0,10,87,0,0,8
3,167,1,1,10,75,0,0,0,0,0,0,0,0,0,10,3,0,0,100
3,168,1,1,12,50,0,0,0,0,0,0,0,0,0,10,55,0,0,16
3,169,1,1,14,80,0,0,0,0,0,0,0,0,0,10,79,0,0,98
3,170,1,1,15,100,0,0,0,0,0,0,0,0,0,10,53,0,0,100
3,171,0,1,20,75,0,0,0,0,0,0,0,0,2,10,43,0,0,0
3,172,0,1,20,75,0,0,0,0,0,0,0,0,2,10,81,0,0,0
3,173,0,1,20,75,0,0,0,0,0,0,0,0,2,10,119,0,0,24
3,174,1,1,80,0,0,0,0,0,4,0,4,0,0,18,125,0,0,0
3,175,1,1,80,0,0,0,0,0,4,0,4,0,0,18,15,0,0,0
3,176,1,1,80,0,0,0,0,0,4,0,4,0,0,18,13,0,0,0
3,177,1,1,80,0,0,0,0,0,-4,0,-4,0,0,18,125,0,0,0
3,178,1,1,80,0,0,0,0,0,-4,0,-4,0,0,18,15,0,0,0
3,179,1,1,80,0,0,0,0,0,-4,0,-4,0,0,18,13,0,0,0
3,180,1,1,120,250,0,0,0,0,4,0,4,0,1,18,163,0,0,0
3,181,1,1,120,0,0,0,0,0,4,0,4,0,1,18,201,0,0,0
3,182,1,1,120,250,0,0,0,0,-4,0,-4,0,1,18,11,0,0,0
3,183,1,1,120,0,0,0,0,0,-4,0,-4,0,1,18,49,0,0,0
3,184,1,1,15,0,0,0,0,0,0,2,0,4,2,11,121,0,0,116
3,185,1,1,40,25,0,0,0,0,0,0,0,0,1,11,1,0,0,0
3,186,1,1,10,25,3,0,0,0,0,0,0,0,2,11,77,0,0,116
3,187,1,1,10,25,-3,0,0,0,0,0,0,0,2,11,77,0,0,116
3,188,1,1,10,25,-3,0,0,0,0,0,0,0,2,11,77,0,0,116
3,189,1,1,10,25,3,0,0,0,0,0,0,0,2,11,77,0,0,116
3,190,1,1,10,25,0,0,0,0,1,0,10,0,1,11,127,0,0,0
3,191,1,1,10,25,0,0,0,0,-1,0,-10,0,1,11,127,0,0,0
3,192,1,1,20,0,0,0,0,0,0,0,0,0,1,4,229,0,0,0
3,193,1,1,20,0,0,0,0,0,0,0,0,0,1,4,231,0,0,0
3,194,0,1,30,50,0,0,0,0,0,0,0,0,0,20,13,0,0,2
3,195,1,0,10,25,0,0,0,0,0,0,0,0,0,23,19,0,0,6
3,196,1,1,40,50,0,0,0,0,0,0,0,0,0,8,237,0,0,0
3,197,0,1,40,25,0,0,0,0,0,0,0,0,0,20,277,0,0,60
3,198,0,1,40,75,0,0,0,0,0,0,0,0,0,20,279,199,0,60
3,199,1,0,2,100,0,0,94,94,2,2,5,5,1,20,171,1,0,0
3,200,1,1,0,30000,4,1,0,0,4,0,4,0,0,26,281,0,0,0
3,201,1,1,254,500,0,0,0,0,0,0,0,0,0,6,2,0,0,0
3,202,1,1,254,0,0,0,0,0,0,0,0,0,0,6,4,0,0,0
3,203,1,1,254,0,0,0,0,0,0,0,0,0,0,6,6,0,0,0
3,204,1,1,254,0,0,0,0,0,0,0,0,0,0,6,8,0,0,0
3,205,1,1,254,0,0,0,0,0,0,0,0,0,0,6,39,0,0,0
3,206,1,1,254,0,0,0,0,0,0,0,0,0,0,6,41,0,0,0
3,207,1,1,254,0,0,0,0,0,0,0,0,0,0,6,43,0,0,0
3,208,1,1,254,0,0,0,0,0,0,0,0,0,0,6,45,0,0,0
3,209,1,1,254,0,0,0,0,0,0,0,0,0,0,6,47,0,0,0
3,210,1,1,254,0,0,0,0,0,0,0,0,0,0,6,77,0,0,0
3,211,1,1,254,0,0,0,0,0,0,0,0,0,0,6,79,0,0,0
3,212,1,1,254,0,0,0,0,0,0,0,0,0,0,6,81,0,0,0
3,213,1,1,254,0,0,0,0,0,0,0,0,0,0,6,83,0,0,0
3,214,1,1,254,0,0,0,0,0,0,0,0,0,0,6,85,0,0,0
3,215,1,1,254,0,0,0,0,0,0,0,0,0,0,6,115,0,0,0
3,216,1,1,254,0,0,0,0,0,0,0,0,0,2,6,117,596,0,0
3,217,1,1,254,0,0,0,0,0,0,0,0,0,0,6,119,0,0,0
3,218,1,1,254,0,0,0,0,0,0,0,0,0,2,6,121,596,0,0
3,219,1,1,254,0,0,0,0,0,0,0,0,0,0,6,123,0,0,0
3,220,1,1,254,0,0,0,0,0,0,0,0,0,0,6,154,0,0,0
3,221,1,1,254,0,0,0,0,0,0,0,0,0,2,6,156,0,0,34
3,222,1,1,254,0,0,0,0,0,0,0,0,0,2,6,158,0,0,34
3,223,1,1,254,0,0,0,0,0,0,0,0,0,0,6,160,0,0,0
3,224,1,1,254,0,0,0,0,0,0,0,0,0,2,6,156,0,0,37
3,225,1,1,254,0,0,0,0,0,0,0,0,0,2,6,158,0,0,37
3,226,1,1,25,75,0,0,0,0,0,0,0,0,2,7,197,0,0,116
3,227,1,1,25,0,0,0,0,0,0,0,0,0,2,7,199,0,0,115
3,228,0,1,20,100,0,0,0,0,0,0,0,0,0,7,269,0,0,0
3,229,0,1,20,0,0,0,0,0,0,0,0,0,0,7,271,0,0,0
3,230,0,1,20,0,0,0,0,0,0,0,0,0,0,7,273,0,0,0
3,231,0,0,20,0,0,0,0,0,0,0,0,0,0,7,275,0,0,0
3,232,0,0,16,100,0,0,0,0,0,0,0,0,0,7,238,0,0,0
3,233,0,1,16,0,0,0,0,0,0,0,0,0,0,7,239,0,0,0
3,234,0,1,16,0,0,0,0,0,0,0,0,0,0,7,241,0,0,0
3,235,0,1,16,0,0,0,0,0,0,0,0,0,0,7,243,0,0,0
3,236,1,1,12,25,0,0,0,0,0,0,0,0,0,7,15,0,0,0
3,237,0,1,25,100,0,0,0,0,0,0,0,0,0,7,55,0,0,0
3,238,0,1,25,0,0,0,0,0,0,0,0,0,0,7,17,0,0,0
3,239,0,1,25,0,0,0,0,0,0,0,0,0,2,7,115,0,0,0
3,240,0,1,25,0,0,0,0,0,0,0,0,0,2,7,77,0,0,143
3,241,0,1,80,250,0,0,0,0,0,0,14,10,1,25,191,0,0,0
3,242,0,1,80,0,0,0,0,0,0,0,14,10,1,25,193,0,0,0
3,243,0,1,80,0,0,0,0,0,0,0,14,10,1,25,153,0,0,255
3,244,0,1,80,0,0,0,0,0,0,0,14,10,1,25,155,0,0,255
3,245,0,1,40,150,0,0,0,0,0,0,0,0,0,25,1,0,0,0
3,246,0,1,40,0,0,0,0,0,0,0,0,0,0,25,3,0,0,0
3,247,0,1,40,0,0,0,0,0,0,0,0,0,0,25,5,0,0,0
3,248,0,1,40,0,0,0,0,0,0,0,0,0,0,25,39,0,0,0
3,249,0,1,40,0,0,0,0,0,0,0,0,0,0,25,41,0,0,0
3,250,0,1,40,0,0,0,0,0,0,0,0,0,0,25,43,556,0,0
3,251,0,1,40,0,0,0,0,0,0,0,0,0,0,25,79,0,0,0
3,252,0,0,40,150,0,0,0,0,0,0,0,0,0,25,19,0,0,0
3,253,0,1,40,0,0,0,0,0,0,0,0,0,0,25,15,0,0,0
3,254,0,1,40,0,0,0,0,0,0,0,0,0,0,25,17,0,0,0
3,255,0,0,40,0,0,0,0,0,0,0,0,0,0,25,38,0,0,0
3,256,0,1,40,0,0,0,0,0,0,0,0,0,0,25,53,0,0,0
3,257,0,1,40,0,0,0,0,0,0,0,0,0,0,25,55,556,0,0
3,258,0,1,40,0,0,0,0,0,0,0,0,0,0,25,79,0,0,0
3,259,1,1,3,25,0,0,0,0,0,0,0,0,1,25,45,0,0,0
3,260,1,1,3,0,0,4,0,0,0,0,0,0,0,8,43,0,0,0
3,261,1,1,3,0,0,5,0,0,0,0,0,0,0,8,43,0,0,0
3,262,1,1,3,0,0,6,0,0,0,0,0,0,0,8,43,0,0,0
3,263,1,1,2,0,0,4,0,0,0,0,0,0,0,8,85,0,0,0
3,264,1,1,2,0,0,5,0,0,0,0,0,0,0,8,85,0,0,0
3,265,1,1,2,0,0,6,0,0,0,0,0,0,0,8,85,0,0,0
3,266,1,1,4,0,0,4,0,0,0,0,0,0,0,8,123,0,0,0
3,267,1,1,4,0,0,5,0,0,0,0,0,0,0,8,123,0,0,0
3,268,1,1,4,0,0,6,0,0,0,0,0,0,0,8,123,0,0,0
3,269,0,1,12,0,0,0,0,0,0,0,0,0,1,8,267,0,0,0
3,270,0,1,12,0,0,0,0,0,0,0,0,0,2,8,127,0,0,145
3,271,0,1,12,0,0,0,0,0,0,0,0,0,2,8,275,463,0,0
3,272,0,1,12,0,0,0,0,0,0,0,0,0,1,23,229,0,0,0
3,273,0,1,12,0,0,0,0,0,0,0,0,0,1,8,193,0,0,144
3,274,0,1,12,0,0,0,0,0,0,0,0,0,1,23,229,0,0,0
3,275,0,1,12,0,0,0,0,0,0,0,0,0,1,23,153,0,0,0
3,276,0,1,12,0,0,0,0,0,0,0,0,0,1,23,191,0,0,0
3,277,0,1,12,0,0,0,0,0,0,0,0,0,1,23,153,0,0,0
3,278,0,1,12,0,0,0,0,0,0,0,0,0,1,23,267,0,0,0
3,279,0,1,12,0,0,0,0,0,0,0,0,0,1,23,1,0,0,0
3,280,0,1,12,0,0,0,0,0,0,0,0,0,1,23,115,0,0,0
3,281,0,1,12,0,0,0,0,0,0,0,0,0,1,23,191,0,0,0
3,282,1,1,3,0,0,2,0,0,0,0,0,0,2,8,79,0,0,59
3,283,1,1,8,0,0,2,0,0,0,0,0,0,0,8,115,0,0,5
3,284,1,1,6,25,0,2,0,0,0,0,0,0,0,8,121,0,0,0
3,285,1,1,8,250,0,2,0,0,0,0,0,0,2,8,157,0,0,24
3,286,1,1,8,50,0,2,93,0,0,0,0,0,1,8,229,0,0,0
3,287,0,1,10,50,0,0,0,0,0,0,0,0,0,8,245,0,0,0
3,288,0,1,16,0,0,0,0,0,0,0,0,0,1,8,283,0,0,0
3,289,0,1,16,50,0,0,0,0,0,0,0,0,0,22,39,0,0,0
3,290,0,1,16,0,0,0,0,0,0,0,0,0,0,22,41,0,0,0
3,291,0,1,16,0,0,0,0,0,0,0,0,0,0,22,1,0,0,0
3,292,0,1,16,0,0,0,0,0,0,0,0,0,0,22,3,0,0,0
3,293,0,1,30,100,0,0,0,0,0,0,0,0,0,22,81,0,0,0
3,294,0,1,30,0,0,0,0,0,0,0,0,0,0,22,83,0,0,0
3,295,0,1,30,0,0,0,0,0,0,0,0,0,0,22,85,0,0,0
3,296,0,1,30,0,0,0,0,0,0,0,0,0,0,22,43,0,0,0
3,297,0,1,30,0,0,0,0,0,0,0,0,0,0,22,45,0,0,0
3,298,0,1,30,0,0,0,0,0,0,0,0,0,0,22,47,0,0,0
3,299,0,1,30,0,0,0,0,0,0,0,0,0,0,22,5,0,0,0
3,300,0,1,30,0,0,0,0,0,0,0,0,0,0,22,7,0,0,0
3,301,0,1,30,0,0,0,0,0,0,0,0,0,0,22,9,0,0,0
3,302,1,1,60,25,0,0,0,0,0,0,0,0,0,13,201,0,0,0
3,303,1,1,60,25,0,0,0,0,0,0,0,0,0,13,203,0,0,0
3,304,1,1,60,50,0,0,0,0,0,0,0,0,0,13,237,0,0,0
3,305,1,1,60,50,0,0,0,0,0,0,0,0,0,13,239,0,0,0
3,306,1,1,60,75,0,0,0,0,0,0,0,0,0,13,241,0,0,0
3,307,1,1,60,100,0,0,0,0,0,0,0,0,0,13,243,0,0,0
3,308,1,1,60,150,0,0,0,0,0,0,0,0,0,13,278,0,0,151
3,309,0,1,40,75,0,0,0,0,0,0,0,0,1,23,77,0,0,0
3,310,0,1,40,0,0,0,0,0,0,0,0,0,1,23,79,0,0,0
3,311,0,1,40,0,0,0,0,0,0,0,0,0,1,23,39,0,0,0
3,312,0,1,40,0,0,0,0,0,0,0,0,0,1,23,41,0,0,0
3,313,0,1,30,50,0,0,0,0,0,0,0,0,1,20,191,0,0,0
3,314,0,1,30,0,0,0,0,0,0,0,0,0,1,20,193,0,0,0
3,315,0,1,30,0,0,0,0,0,0,0,0,0,1,20,153,0,0,0
3,316,0,1,30,0,0,0,0,0,0,0,0,0,1,20,155,0,0,0
3,317,1,0,3,0,0,2,0,0,0,0,0,0,0,8,95,0,0,0
3,318,1,0,3,0,0,4,0,0,0,0,0,0,0,8,95,0,0,0
3,319,1,0,1,0,0,3,0,0,0,0,0,0,0,8,114,0,0,0
3,320,1,0,1,0,0,5,0,0,0,0,0,0,0,8,114,0,0,0
3,321,1,0,2,0,0,4,0,0,0,0,0,0,0,8,133,0,0,0
3,322,1,0,2,0,0,6,0,0,0,0,0,0,0,8,133,0,0,0
3,323,1,0,3,0,0,3,0,0,0,0,0,0,0,8,152,0,0,0
3,324,1,0,3,0,0,5,0,0,0,0,0,0,0,8,152,0,0,0
3,325,0,1,10,20,0,0,0,0,0,0,0,0,2,23,277,0,0,145
3,326,0,1,30,50,0,0,0,0,0,0,0,0,0,23,13,0,0,0
3,327,0,1,30,0,0,0,0,0,0,0,0,0,0,23,15,0,0,0
3,328,0,1,30,0,0,0,0,0,0,0,0,0,0,23,89,0,0,0
3,329,0,1,30,0,0,0,0,0,0,0,0,0,0,23,91,0,0,0
3,330,0,1,30,0,0,0,0,0,0,0,0,0,0,23,51,0,0,0
3,331,0,1,30,0,0,0,0,0,0,0,0,0,0,23,53,0,0,0
3,332,0,1,40,75,0,0,0,0,0,0,0,0,0,20,9,0,0,0
3,333,0,1,40,0,0,0,0,0,0,0,0,0,0,20,11,0,0,0
3,334,0,1,40,0,0,0,0,0,0,0,0,0,0,20,39,0,0,0
3,335,0,1,40,0,0,0,0,0,0,0,0,0,0,20,41,0,0,0
3,336,0,1,40,0,0,0,0,0,0,0,0,0,1,20,1,0,0,0
3,337,0,1,40,0,0,0,0,0,0,0,0,0,1,20,3,0,0,0
3,338,0,1,30,100,0,0,0,0,0,0,0,0,1,20,115,0,0,0
3,339,0,1,30,0,0,0,0,0,0,0,0,0,0,20,267,0,0,0
3,340,0,1,30,0,0,0,0,0,0,0,0,0,0,20,269,0,0,0
3,341,0,1,30,0,0,0,0,0,0,0,0,0,0,20,229,0,0,0
3,342,0,1,30,0,0,0,0,0,0,0,0,0,0,20,231,0,0,0
3,343,0,1,30,75,0,0,0,0,0,0,0,0,0,20,165,0,0,0
3,344,0,1,30,0,0,0,0,0,0,0,0,0,0,20,167,0,0,0
3,345,0,1,30,0,0,0,0,0,0,0,0,0,0,20,241,0,0,0
3,346,0,1,30,0,0,0,0,0,0,0,0,0,0,20,243,0,0,0
3,347,0,1,30,0,0,0,0,0,0,0,0,0,0,20,203,0,0,0
3,348,0,1,30,0,0,0,0,0,0,0,0,0,0,20,205,0,0,0
3,349,1,1,70,50,0,0,0,0,0,0,0,0,1,13,3,0,0,0
3,350,1,1,70,50,0,0,0,0,0,0,0,0,1,13,5,0,0,0
3,351,1,1,70,50,0,0,0,0,0,0,0,0,0,13,39,0,0,0
3,352,1,1,70,50,0,0,0,0,0,0,0,0,1,13,41,0,0,0
3,353,1,1,70,50,0,0,0,0,0,0,0,0,1,13,43,0,0,0
3,354,1,1,70,50,0,0,0,0,0,0,0,0,0,13,45,0,0,0
3,355,1,1,70,50,0,0,0,0,0,0,0,0,0,13,77,0,0,0
3,356,1,1,70,50,0,0,0,0,0,0,0,0,0,13,79,511,0,0
3,357,1,1,70,50,0,0,0,0,0,0,0,0,0,13,81,511,0,0
3,358,1,1,70,50,0,0,0,0,0,0,0,0,0,13,83,0,0,0
3,359,1,1,70,50,0,0,0,0,0,0,0,0,0,13,115,511,0,0
3,360,1,1,70,50,0,0,0,0,0,0,0,0,0,13,117,0,0,0
3,361,1,1,70,50,0,0,0,0,0,0,0,0,0,13,119,0,0,0
3,362,1,1,70,50,0,0,0,0,0,0,0,0,0,13,121,511,0,0
3,363,1,1,70,50,0,0,0,0,0,0,0,0,0,13,154,0,0,0
3,364,1,1,70,50,0,0,0,0,0,0,0,0,0,13,156,0,0,0
3,365,1,1,70,50,0,0,0,0,0,0,0,0,0,13,158,0,0,0
3,366,1,1,254,1000,0,0,0,0,0,0,0,0,0,18,3,0,0,0
3,367,1,1,254,0,0,0,0,0,0,0,0,0,0,18,5,0,0,0
3,368,1,1,254,0,0,0,0,0,0,0,0,0,0,18,7,0,0,0
3,369,1,1,254,0,0,0,0,0,0,0,0,0,0,18,41,0,0,0
3,370,1,1,254,0,0,0,0,0,0,0,0,0,0,18,43,0,0,0
3,371,1,1,254,0,0,0,0,0,0,0,0,0,0,18,45,0,0,0
3,372,1,1,254,0,0,0,0,0,0,0,0,0,0,18,77,0,0,0
3,373,1,1,254,0,0,0,0,0,0,0,0,0,0,18,79,0,0,0
3,374,1,1,254,0,0,0,0,0,0,0,0,0,0,18,81,0,0,0
3,375,1,1,254,0,0,0,0,0,0,0,0,0,0,18,83,0,0,0
3,376,1,1,254,0,0,0,0,0,0,0,0,0,0,18,85,0,0,0
3,377,1,1,254,0,0,0,0,0,0,0,0,0,0,18,115,0,0,0
3,378,1,1,254,0,0,0,0,0,0,0,0,0,0,18,117,0,0,0
3,379,1,1,254,0,0,0,0,0,0,0,0,0,0,18,119,0,0,153
3,380,1,1,254,0,0,0,0,0,0,0,0,0,0,18,121,0,0,0
3,381,1,1,254,0,0,0,0,0,0,0,0,0,0,18,123,0,0,0
3,382,1,1,0,0,0,0,0,0,0,0,0,0,0,18,153,0,0,0
3,383,1,1,254,0,0,0,0,0,0,0,0,0,0,18,155,0,0,0
3,384,1,1,254,0,0,0,0,0,0,0,0,0,0,18,157,0,0,0
3,385,1,1,254,0,0,0,0,0,0,0,0,0,0,18,159,0,0,0
3,386,1,1,0,0,0,0,0,0,0,0,0,0,0,18,161,0,0,0
3,387,1,1,0,0,0,0,0,0,0,0,0,0,0,18,193,0,0,0
3,388,1,1,0,0,0,0,0,0,0,0,0,0,0,18,195,0,0,0
3,389,1,1,0,0,0,0,0,0,0,0,0,0,0,18,197,0,0,0
3,390,0,0,0,10,0,1,0,0,0,0,0,0,1,21,1,0,0,0
3,391,1,0,0,25,0,1,0,0,0,0,0,0,1,21,7,0,0,0
3,392,0,0,0,50,0,1,0,0,0,0,0,0,1,21,26,0,0,0
3,393,1,0,0,75,0,1,0,0,0,0,0,0,1,21,20,0,0,0
3,394,0,0,0,100,0,1,0,0,0,0,0,0,1,21,32,0,0,0
3,395,1,0,0,250,0,1,0,0,0,0,0,0,1,21,14,0,0,0
3,396,0,0,0,500,0,1,0,0,0,0,0,0,1,21,51,0,0,0
3,397,1,1,0,1000,0,1,0,0,0,0,0,0,1,21,39,0,0,0
3,398,0,1,0,2500,0,1,0,0,0,0,0,0,1,21,77,0,0,0
3,399,1,1,0,5000,0,1,0,0,0,0,0,0,1,21,115,0,0,0
3,400,0,1,200,0,0,0,0,0,0,0,5,0,0,24,1,0,0,0
3,401,0,1,200,0,0,0,0,0,0,0,5,0,0,24,3,0,0,154
3,402,0,1,200,0,0,0,0,0,0,0,5,0,0,24,5,0,0,0
3,403,0,1,200,0,0,0,0,0,0,0,5,0,0,24,7,0,0,0
3,404,0,1,200,0,0,0,0,0,0,0,5,0,0,24,9,0,0,154
3,405,0,1,200,0,0,0,0,0,0,0,5,0,0,24,11,0,0,0
3,406,0,1,200,0,0,0,0,0,0,0,5,0,2,24,39,0,0,154
3,407,0,1,0,0,0,0,0,0,0,0,5,0,0,24,41,0,0,154
3,408,0,1,200,0,0,0,0,0,0,0,5,0,0,24,43,0,0,154
3,409,0,1,200,0,0,0,0,0,0,0,5,0,0,24,45,0,0,154
3,410,0,1,0,0,0,0,0,0,0,0,5,0,0,24,47,0,0,154
3,411,0,1,200,0,0,0,0,0,0,0,5,0,2,24,49,0,0,154
3,412,0,1,50,250,0,0,0,0,0,0,0,0,0,12,123,0,0,0
3,413,0,1,50,0,0,0,0,0,0,0,0,0,0,12,125,0,0,0
3,414,0,1,50,0,0,0,0,0,0,0,0,0,0,12,85,0,0,0
3,415,0,1,50,0,0,0,0,0,0,0,0,0,0,12,87,0,0,0
3,416,0,1,50,0,0,0,0,0,0,0,0,0,0,12,79,0,0,0
3,417,1,1,50,0,0,0,0,0,8,4,2,2,0,12,89,0,0,0
3,418,1,1,50,0,0,0,0,0,4,2,4,4,0,12,127,0,0,0
3,419,1,1,50,0,0,0,0,0,2,2,8,4,0,12,91,0,0,0
3,420,1,1,50,0,0,0,0,0,1,1,16,8,0,12,77,0,0,0
3,421,1,1,50,0,0,0,0,0,1,1,16,8,0,12,115,0,0,0
3,422,1,1,10,150,0,0,0,0,0,0,4,0,0,12,17,0,0,0
3,423,1,1,10,0,0,0,0,0,0,0,4,0,0,12,55,0,0,0
3,424,1,1,10,0,0,0,0,0,0,0,4,0,0,12,93,0,0,0
3,425,1,1,20,0,0,0,0,0,0,0,4,0,0,12,131,0,0,0
3,426,1,1,40,0,0,0,0,0,0,0,0,0,0,27,153,0,0,0
3,427,1,1,40,0,0,0,0,0,0,0,0,0,0,27,155,0,0,0
3,428,1,1,40,0,0,0,0,0,0,0,0,0,0,27,191,0,0,0
3,429,1,1,40,0,0,0,0,0,0,0,0,0,0,27,193,0,0,0
3,430,1,1,60,0,0,0,0,0,0,0,0,0,0,27,233,0,0,0
3,431,1,1,60,0,0,0,0,0,0,0,0,0,0,27,235,0,0,0
3,432,1,1,60,0,0,0,0,0,0,0,0,0,0,27,271,0,0,0
3,433,1,1,60,0,0,0,0,0,0,0,0,0,0,27,273,0,0,0
3,434,1,1,40,0,0,0,0,0,0,0,0,0,0,4,39,0,0,0
3,435,1,1,40,0,0,0,0,0,0,0,0,0,0,4,41,0,505,0
3,436,1,1,40,0,0,0,0,0,0,0,0,0,0,4,43,0,0,0
3,437,1,1,40,0,0,0,0,0,0,0,0,0,0,4,77,0,0,0
3,438,1,1,40,0,0,0,0,0,0,0,0,0,0,4,79,0,0,0
3,439,1,1,40,0,0,0,0,0,0,0,0,0,0,4,81,0,0,0
3,440,1,1,16,0,0,0,0,0,0,0,0,0,0,8,45,0,0,0
3,441,1,1,16,0,0,0,0,0,0,0,0,0,0,8,47,0,0,0
3,442,1,1,16,0,0,0,0,0,0,0,0,0,0,8,7,0,0,0
3,443,1,1,16,0,0,0,0,0,0,0,0,0,0,8,9,0,0,0
3,444,1,0,50,0,0,0,0,0,0,0,0,0,0,8,31,0,0,0
3,445,1,1,50,0,0,0,0,0,0,0,0,0,0,8,13,0,0,0
3,446,1,0,50,0,0,0,0,0,0,0,0,0,0,8,15,0,0,0
3,447,1,0,50,0,0,0,0,0,0,0,0,0,0,8,34,0,0,0
3,448,1,1,50,0,0,0,0,0,0,0,0,0,0,8,49,0,0,0
3,449,1,1,50,0,0,0,0,0,0,0,0,0,0,8,51,0,0,0
3,450,1,1,50,0,0,0,0,0,0,0,0,0,0,8,53,0,0,0
3,451,1,0,50,0,0,0,0,0,0,0,0,0,0,8,88,0,0,0
3,452,1,1,50,0,0,0,0,0,0,0,0,0,0,8,89,0,0,0
3,453,1,1,50,0,0,0,0,0,0,0,0,0,0,8,91,0,0,0
3,454,1,0,20,0,0,0,0,0,0,0,0,0,0,4,102,0,0,0
3,455,1,0,4,5,0,0,0,0,0,0,0,0,1,23,171,4,0,0
3,456,0,1,20,75,0,0,0,0,0,0,0,0,2,8,241,455,0,0
3,457,0,1,20,50,0,0,0,0,0,0,0,0,0,20,53,458,0,0
3,458,1,0,5,15,0,3,0,0,0,0,0,0,1,20,19,0,0,0
3,459,1,1,40,150,0,0,93,0,0,0,0,0,2,23,93,460,0,0
3,460,1,0,2,7,0,5,0,0,0,0,0,0,1,20,95,0,0,0
3,461,1,1,20,20,0,1,0,0,0,0,0,0,0,8,16,0,0,0
3,462,1,1,20,25,0,1,0,0,0,0,0,0,2,8,93,0,0,116
3,463,1,1,80,0,0,4,0,0,0,0,0,0,0,8,191,0,0,0
3,464,1,1,254,0,0,0,0,0,0,2,4,3,0,9,153,0,0,0
3,465,1,1,20,0,0,0,0,0,0,2,4,3,2,9,155,0,0,59
3,466,1,1,254,0,0,0,0,0,0,0,0,0,0,9,153,0,0,0
3,467,1,1,20,0,0,0,0,0,0,0,0,0,2,9,155,0,0,59
3,468,1,1,0,0,0,0,0,0,0,-8,0,0,0,2,81,0,0,0
3,469,1,1,0,0,0,0,0,0,0,-8,0,0,0,2,83,0,0,0
3,470,1,1,0,0,0,0,0,0,0,-8,0,0,0,2,85,0,0,0
3,471,1,1,0,0,0,0,0,0,0,-8,0,0,0,2,119,0,0,0
3,472,1,1,0,0,0,0,0,0,0,-8,0,0,0,2,121,0,0,0
3,473,1,1,0,0,0,0,0,0,0,-8,0,0,0,2,123,0,0,0
3,474,0,1,0,375,0,1,0,0,0,0,0,0,0,21,241,0,0,0
3,475,0,1,0,500,0,0,0,0,0,0,0,0,0,21,243,0,0,0
3,476,1,1,0,800,0,1,0,0,0,0,0,0,0,21,245,0,0,0
3,477,1,1,8,25,0,1,0,0,0,0,0,0,0,9,195,479,395,0
3,478,1,1,4,15,0,1,0,0,0,0,0,0,0,9,233,0,394,0
3,479,1,1,1,5,0,0,94,94,0,0,0,0,0,9,235,0,0,0
3,480,1,1,254,0,0,0,0,0,0,0,0,0,0,10,153,0,0,0
3,481,1,1,254,0,0,0,0,0,0,0,0,0,0,10,155,0,0,0
3,482,1,1,254,0,0,0,0,0,0,0,0,0,0,10,157,0,0,0
3,483,1,1,254,0,0,0,0,0,0,0,0,0,0,10,159,0,0,0
3,484,1,1,254,0,0,0,0,0,0,0,0,0,0,10,161,0,0,0
3,485,1,1,254,0,0,0,0,0,0,0,0,0,0,10,163,0,0,0
3,486,1,1,254,0,0,0,0,0,0,0,0,0,0,10,191,0,0,0
3,487,1,1,254,0,0,0,0,0,0,0,0,0,0,10,193,0,0,0
3,488,1,1,254,0,0,0,0,0,0,0,0,0,0,10,195,501,0,0
3,489,1,1,254,0,0,0,0,0,0,0,0,0,0,10,197,501,0,0
3,490,1,1,254,0,0,0,0,0,0,0,0,0,0,10,199,0,0,0
3,491,1,1,254,0,0,0,0,0,0,0,0,0,0,10,201,0,0,0
3,492,1,1,254,0,0,0,0,0,0,0,0,0,0,10,230,0,0,0
3,493,1,1,254,0,0,0,0,0,0,0,0,0,2,10,232,500,0,59
3,494,1,1,254,750,0,0,0,0,0,0,0,0,0,10,234,501,0,0
3,495,1,1,254,0,0,0,0,0,0,0,0,0,2,10,236,500,0,59
3,496,1,1,254,0,0,0,0,0,0,0,0,0,0,10,238,0,0,0
3,497,1,1,254,0,0,0,0,0,0,0,0,0,0,10,270,0,0,0
3,498,1,1,254,0,0,0,0,0,0,0,0,0,0,10,272,0,0,0
3,499,1,1,254,0,0,0,0,0,0,0,0,0,0,10,274,0,0,0
3,500,1,1,10,25,0,2,0,0,0,0,0,0,0,10,169,0,0,252
3,501,1,0,6,5,0,0,0,0,0,0,0,0,1,10,171,4,0,0
3,502,0,0,0,150,0,1,0,0,0,0,0,0,0,21,37,0,0,0
3,503,1,0,0,300,0,1,0,0,0,0,0,0,0,21,75,0,0,0
3,504,0,0,0,500,0,1,0,0,0,0,0,0,0,21,113,0,0,0
3,505,1,0,0,750,0,1,0,0,0,0,0,0,0,21,19,0,0,0
3,506,1,0,0,1000,0,1,0,0,0,0,0,0,0,21,38,0,0,0
3,507,0,0,0,2000,0,1,0,0,0,0,0,0,0,21,57,0,0,0
3,508,0,0,0,50,0,1,0,0,0,0,0,0,0,21,76,0,0,0
3,509,0,0,0,250,0,1,0,0,0,0,0,0,0,21,95,0,0,0
3,510,0,0,0,500,0,1,0,0,0,0,0,0,0,21,114,0,0,0
3,511,1,0,2,10,0,0,0,0,0,0,0,0,1,13,19,2,0,0
3,512,1,1,0,1,0,0,0,0,0,0,0,0,1,21,191,0,0,0
3,513,1,1,0,1,0,1,0,0,0,0,0,0,1,21,159,0,0,0
3,514,1,1,12,25,0,0,0,0,0,0,0,0,0,7,163,515,0,0
3,515,1,0,5,0,0,3,0,0,0,0,0,0,1,7,190,0,0,0
3,516,0,1,20,50,0,0,0,0,0,0,0,0,0,9,1,0,0,0
3,517,0,1,20,0,0,0,0,0,0,0,0,0,0,9,3,0,0,0
3,518,0,1,20,0,0,0,0,0,0,0,0,0,0,9,5,0,0,0
3,519,0,1,20,0,0,0,0,0,0,0,0,0,0,9,39,0,0,0
3,520,0,1,20,0,0,0,0,0,0,0,0,0,0,9,41,0,0,0
3,521,0,1,20,0,0,0,0,0,0,0,0,0,0,9,43,0,0,0
3,522,0,1,40,10015,0,0,0,0,0,0,0,0,0,9,1,0,0,0
3,523,0,1,40,10015,0,0,0,0,0,0,0,0,0,9,3,0,0,0
3,524,0,1,40,10015,0,0,0,0,0,0,0,0,0,9,5,0,0,0
3,525,0,1,40,10015,0,0,0,0,0,0,0,0,0,9,39,0,0,0
3,526,0,1,40,10015,0,0,0,0,0,0,0,0,0,9,41,0,0,0
3,527,0,1,40,10015,0,0,0,0,0,0,0,0,0,9,43,0,0,0
3,528,0,1,20,100,0,0,0,0,0,0,0,0,0,8,153,0,0,0
3,529,1,1,15,50,0,2,0,0,0,0,0,0,2,8,163,530,0,0
3,530,1,0,4,5,0,5,0,0,0,0,0,0,1,8,171,0,0,0
3,531,1,1,8,30,0,2,0,0,0,0,0,0,2,8,79,532,0,0
3,532,1,0,3,30,0,2,0,0,0,0,0,0,1,8,228,4,0,0
3,533,1,1,0,-1,0,1,0,0,0,0,0,0,1,21,165,0,0,0
3,534,1,1,0,-2,0,1,0,0,0,0,0,0,1,21,203,0,0,0
3,535,1,1,0,-3,0,1,0,0,0,0,0,0,1,21,153,0,0,0
3,536,0,1,100,100,0,0,0,0,0,0,0,0,0,17,45,0,0,0
3,537,0,1,100,100,0,0,0,0,0,0,0,0,0,17,47,0,0,0
3,538,0,1,100,100,0,0,0,0,0,0,0,0,0,17,49,0,0,0
3,539,0,1,100,100,0,0,0,0,0,0,0,0,0,17,83,543,0,116
3,540,0,1,100,100,0,0,0,0,0,0,0,0,2,17,85,0,0,154
3,541,0,1,100,100,0,0,0,0,0,0,0,0,0,17,87,544,0,115
3,542,0,1,255,100,0,0,0,0,0,0,0,0,0,17,1,0,0,0
3,543,1,0,4,5,-2,5,0,0,0,0,0,0,1,8,171,0,0,0
3,544,1,0,4,5,2,5,0,0,0,0,0,0,1,8,171,0,0,0
3,545,0,1,5,10,0,0,0,0,0,0,0,0,0,8,77,0,0,0
3,546,0,1,80,0,0,0,0,0,0,15,0,3,1,23,203,0,0,63
3,547,0,1,80,0,0,0,0,0,0,15,0,3,1,23,205,0,0,63
3,548,0,1,80,0,0,0,0,0,0,15,0,3,1,23,165,0,0,63
3,549,0,1,80,0,0,0,0,0,0,15,0,3,1,23,167,0,0,63
3,550,0,1,80,250,0,0,0,0,0,15,0,3,0,23,267,551,0,76
3,551,1,0,4,5,0,1,0,0,0,6,0,0,1,8,171,94,0,0
3,552,0,1,0,0,0,0,0,0,0,0,0,0,1,5,17,0,0,253
3,553,0,1,0,0,0,0,0,0,0,0,0,0,1,5,93,0,0,254
3,554,1,1,10,50,0,0,0,0,0,0,0,0,1,5,169,0,0,0
3,555,1,1,20,75,0,0,0,0,0,0,0,0,1,9,201,0,0,0
3,556,0,0,3,10,1,-1,0,0,-16,10,0,0,0,7,19,0,0,0
3,557,0,0,3,10,0,0,0,0,0,0,0,0,0,7,38,0,0,0
3,558,0,0,3,10,0,0,0,0,0,0,0,0,0,7,57,0,0,0
3,559,0,1,30,10,0,0,0,0,0,0,0,0,2,7,49,0,0,63
3,560,0,1,5,100,0,5,0,0,0,-8,0,0,0,21,279,0,0,0
3,561,1,1,0,20002,0,1,0,0,0,0,0,0,0,21,127,0,0,0
3,562,1,1,0,20004,0,1,0,0,0,0,0,0,0,21,129,0,0,0
3,563,1,1,0,20008,0,1,0,0,0,0,0,0,0,21,131,0,0,0
3,564,1,1,255,50,0,0,0,0,0,0,0,0,0,5,283,0,0,0
3,565,1,1,20,50,0,0,0,0,0,0,0,0,0,5,281,0,0,0
3,566,1,1,255,0,0,0,0,0,0,0,0,0,1,5,167,0,0,0
3,567,1,1,20,200,0,0,0,0,0,0,0,0,1,5,165,0,0,255
3,568,0,1,30,250,0,0,0,0,0,0,0,0,0,23,269,455,0,0
3,569,0,1,6,100,7,0,0,0,-1,1,-7,7,1,17,117,0,0,0
3,570,0,1,254,100,0,7,0,0,-1,1,-7,7,0,17,115,0,0,0
3,571,0,1,254,100,0,-7,0,0,1,-1,7,-7,0,17,115,0,0,0
3,572,0,1,254,100,-7,0,0,0,1,-1,7,-7,0,17,115,0,0,0
3,573,0,1,25,50,0,0,0,0,0,0,0,0,0,8,165,0,0,0
3,574,0,1,25,50,0,0,0,0,0,0,0,0,0,20,127,0,0,0
3,575,0,1,25,50,0,0,0,0,0,0,0,0,0,8,155,0,0,0
3,576,0,1,25,50,0,0,0,0,0,0,0,0,0,20,123,0,0,0
3,577,1,1,0,10020,0,0,0,0,0,0,0,0,1,20,85,0,0,0
3,578,1,1,255,10,0,5,0,0,-1,2,-10,5,0,17,115,0,0,0
3,579,1,1,255,10,0,-5,0,0,1,-2,10,-5,0,17,115,0,0,0
3,580,1,1,255,10,0,7,0,0,-1,2,-14,7,0,17,115,0,0,0
3,581,1,1,255,10,0,-7,0,0,1,-2,14,-7,0,17,115,0,0,0
3,582,1,1,6,25,5,0,0,0,-2,2,-5,5,1,17,117,0,0,0
3,583,1,1,255,10,0,5,0,0,-2,2,-5,5,0,17,115,0,0,0
3,584,1,1,255,10,0,-5,0,0,2,-2,5,-5,0,17,115,0,0,0
3,585,1,1,255,10,-5,0,0,0,2,-2,5,-5,0,17,115,0,0,0
3,586,1,1,255,0,0,0,0,0,0,0,0,0,0,23,1,0,0,0
3,587,1,1,255,0,0,0,0,0,0,0,0,0,0,23,3,0,0,0
3,588,1,1,255,0,0,0,0,0,0,0,0,0,0,23,7,0,0,0
3,589,1,1,20,100,0,0,0,0,0,0,0,0,1,23,115,0,0,0
3,590,1,1,10,150,3,0,0,0,1,0,7,0,2,23,93,592,0,0
3,591,1,1,0,10020,0,0,0,0,0,0,0,0,1,20,85,0,0,0
3,592,1,0,3,10,0,4,0,0,0,0,0,0,1,23,9,0,0,0
3,593,1,1,0,10022,0,0,0,0,0,0,0,0,1,20,85,0,0,0
3,594,1,1,8,25,0,1,0,0,0,0,0,0,1,3,51,0,0,0
3,595,1,1,4,20,0,0,0,0,0,0,0,0,0,15,81,0,0,0
3,596,1,0,3,15,0,0,0,0,0,0,0,0,1,8,247,4,0,0
3,597,0,1,6,25,0,0,0,0,0,0,0,0,1,17,117,0,0,0
3,598,1,1,1,80,0,0,0,0,0,0,0,0,2,7,155,0,0,76
3,599,1,1,255,85,0,0,0,0,0,0,0,0,1,7,165,0,0,0
3,600,1,1,1,200,0,-1,0,0,0,0,0,0,2,7,191,0,0,76
3,601,1,1,1,200,0,-1,0,0,0,0,0,0,2,7,191,0,0,76
3,602,1,1,0,30001,4,1,0,0,4,0,4,0,0,26,153,0,0,0
3,603,1,1,0,30002,4,1,0,0,4,0,4,0,0,26,155,0,0,0
3,604,1,1,0,30003,4,1,0,0,4,0,4,0,0,26,157,0,0,0
3,605,1,1,0,30004,4,1,0,0,4,0,4,0,0,26,159,0,0,0
3,606,1,1,0,30005,4,1,0,0,4,0,4,0,0,26,161,0,0,0
3,607,1,1,0,30013,4,1,0,0,4,0,4,0,0,26,163,0,0,0
3,608,1,1,0,30007,4,1,0,0,4,0,4,0,0,26,165,0,0,0
3,609,1,1,0,30008,4,1,0,0,4,0,4,0,0,26,167,0,0,0
3,610,1,1,0,31009,4,1,0,0,4,0,4,0,0,26,169,0,0,0
3,611,1,1,0,31010,4,1,0,0,4,0,4,0,0,26,191,0,0,0
3,612,1,1,0,31011,4,1,0,0,4,0,4,0,0,26,193,0,0,0
3,613,1,1,0,31012,4,1,0,0,4,0,4,0,0,26,195,0,0,0
3,614,1,1,0,31014,4,1,0,0,4,0,4,0,0,26,197,0,0,0
3,615,1,1,0,31015,4,1,0,0,4,0,4,0,0,26,199,0,0,0
3,616,1,1,0,30017,4,1,0,0,4,0,4,0,0,26,201,0,0,0
3,617,1,1,0,30020,4,1,0,0,4,0,4,0,0,26,203,0,0,0
3,618,1,1,0,32001,4,1,0,0,4,0,4,0,0,26,205,0,0,0
3,619,1,1,0,32002,4,1,0,0,4,0,4,0,0,26,207,0,0,0
3,620,1,1,0,32003,4,1,0,0,4,0,4,0,0,26,229,0,0,0
3,621,1,1,0,32004,4,1,0,0,4,0,4,0,0,26,231,0,0,0
3,622,1,1,0,32007,4,1,0,0,4,0,4,0,0,26,233,0,0,0
3,623,1,1,0,32010,4,1,0,0,4,0,4,0,0,26,235,0,0,0
3,624,1,1,0,32006,4,1,0,0,4,0,4,0,0,26,237,0,0,0
3,625,1,1,0,32013,4,1,0,0,4,0,4,0,0,26,239,0,0,0
3,626,1,1,0,32015,4,1,0,0,4,0,4,0,0,26,241,0,0,0
3,627,1,1,0,31021,4,1,0,0,4,0,4,0,0,26,243,0,0,0
3,628,1,1,0,30000,4,1,0,0,4,0,4,0,0,26,41,0,0,0
3,629,1,1,0,31022,4,1,0,0,4,0,4,0,0,26,245,0,0,0
3,630,1,1,0,0,0,0,0,0,0,0,0,0,0,22,153,0,0,0
3,631,1,1,255,0,0,0,0,0,0,0,0,0,0,22,155,0,0,0
3,632,1,1,255,0,0,0,0,0,0,0,0,0,0,22,157,0,0,0
3,633,1,1,255,0,0,0,0,0,0,0,0,0,0,22,191,0,0,0
3,634,1,1,255,0,0,0,0,0,0,0,0,0,0,22,193,0,0,0
3,635,1,1,0,0,0,0,0,0,0,0,0,0,0,22,195,0,0,0
3,636,1,1,255,0,0,0,0,0,0,0,0,0,0,22,229,0,0,0
3,637,1,1,255,0,0,0,0,0,0,0,0,0,0,22,231,0,0,0
3,638,1,1,0,0,0,0,0,0,0,0,0,0,0,22,233,0,0,0
3,639,1,1,0,0,0,0,0,0,0,0,0,0,0,22,267,0,0,0
3,640,1,1,255,0,0,0,0,0,0,0,0,0,0,22,269,0,0,0
3,641,1,1,0,0,0,0,0,0,0,0,0,0,0,22,271,0,0,0
3,642,1,1,255,0,0,0,0,0,0,0,0,0,0,22,159,0,0,0
3,643,1,1,255,0,0,0,0,0,0,0,0,0,0,22,161,0,0,0
3,644,1,1,255,0,0,0,0,0,0,0,0,0,0,22,163,0,0,0
3,645,1,1,0,0,0,0,0,0,0,0,0,0,0,22,165,0,0,0
3,646,1,1,0,0,0,0,0,0,0,0,0,0,0,22,197,0,0,0
3,647,1,1,0,0,0,0,0,0,0,0,0,0,0,22,199,0,0,0
3,648,1,1,255,0,0,0,0,0,0,0,0,0,0,22,201,0,0,0
3,649,1,1,255,0,0,0,0,0,0,0,0,0,0,22,203,0,0,0
3,650,1,1,0,0,0,0,0,0,0,0,0,0,0,22,235,0,0,0
3,651,1,1,0,0,0,0,0,0,0,0,0,0,0,22,237,0,0,0
3,652,1,1,255,0,0,0,0,0,0,0,0,0,0,22,239,0,0,0
3,653,1,1,0,0,0,0,0,0,0,0,0,0,0,22,241,0,0,0
3,654,1,1,0,0,0,0,0,0,0,0,0,0,0,22,273,0,0,0
3,655,1,1,255,0,0,0,0,0,0,0,0,0,0,22,275,0,0,0
3,656,1,1,255,0,0,0,0,0,0,0,0,0,0,22,277,0,0,0
3,657,1,1,0,0,0,0,0,0,0,0,0,0,0,22,279,0,0,0
3,658,1,1,25,500,0,0,0,0,0,0,0,0,1,22,167,0,0,0
3,659,1,1,25,250,0,0,0,0,0,0,0,0,1,22,169,0,0,0
3,660,1,0,2,5,0,2,0,0,0,3,0,0,0,22,171,0,0,0
3,661,1,0,2,5,0,2,0,0,0,3,0,0,0,22,190,0,0,0
3,662,1,1,30,250,0,0,0,0,0,0,0,0,0,9,77,0,0,0
3,663,1,1,30,0,0,0,0,0,0,0,0,0,0,9,79,0,0,0
3,664,1,1,30,0,0,0,0,0,0,0,0,0,0,9,81,0,0,0
3,665,1,1,30,0,0,0,0,0,0,0,0,0,0,9,83,0,0,0
3,666,1,1,30,0,0,0,0,0,0,0,0,0,0,9,115,0,0,0
3,667,1,1,30,0,0,0,0,0,0,0,0,0,0,9,117,0,0,0
3,668,1,1,30,0,0,0,0,0,0,0,0,0,0,9,119,0,0,0
3,669,1,1,30,0,0,0,0,0,0,0,0,0,0,9,121,0,0,0
3,670,1,1,30,250,0,0,0,0,0,0,0,0,0,9,85,0,0,0
3,671,1,1,30,0,0,0,0,0,0,0,0,0,0,9,87,0,0,0
3,672,1,1,30,0,0,0,0,0,0,0,0,0,0,9,89,0,0,0
3,673,1,1,30,0,0,0,0,0,0,0,0,0,0,9,91,0,0,0
3,674,1,1,30,0,0,0,0,0,0,0,0,0,0,9,123,0,0,0
3,675,1,1,30,0,0,0,0,0,0,0,0,0,0,9,125,0,0,0
3,676,1,1,30,0,0,0,0,0,0,0,0,0,0,9,127,0,0,0
3,677,1,1,30,0,0,0,0,0,0,0,0,0,0,9,129,0,0,0
3,678,1,1,10,25,0,2,0,0,0,0,0,0,1,9,277,0,0,0
3,679,1,1,255,0,0,3,0,0,0,0,0,0,0,9,199,0,0,0
3,680,1,1,255,0,0,3,0,0,0,0,0,0,0,9,237,0,0,0
3,681,1,1,10,50,0,1,0,0,20,0,2,0,1,9,277,0,0,0
3,682,1,1,20,100,0,3,0,0,0,0,0,0,0,9,191,0,0,0
3,683,1,1,20,0,0,3,0,0,0,0,0,0,0,9,193,0,0,0
3,684,1,1,20,0,0,3,0,0,0,0,0,0,0,9,229,0,0,0
3,685,1,1,20,0,0,3,0,0,0,0,0,0,0,9,231,0,0,0
3,686,1,1,15,100,0,1,0,0,0,0,0,0,0,9,195,687,395,149
3,687,1,1,1,5,0,-2,94,0,0,20,0,0,0,9,235,0,0,0
3,688,1,1,0,10014,0,0,0,0,0,0,0,0,1,20,85,0,0,0
3,689,1,1,2,0,0,2,0,0,0,0,0,0,2,8,79,0,0,59
3,690,1,1,0,10018,0,0,0,0,0,0,0,0,1,20,85,0,0,0
3,691,1,0,2,5,0,2,0,0,0,0,0,0,0,4,83,0,0,0
3,692,1,0,2,5,0,3,0,0,0,0,0,0,0,4,84,0,0,0
3,693,1,0,2,5,0,4,0,0,0,0,0,0,0,4,103,0,0,0
3,694,1,0,2,5,0,5,0,0,0,0,0,0,0,4,122,0,0,0
3,695,1,1,0,10024,0,0,0,0,0,0,0,0,1,20,123,0,0,0
3,696,1,1,0,0,0,0,0,0,0,0,0,0,0,9,197,0,0,136
3,697,1,1,0,0,0,0,0,0,0,0,0,0,0,9,197,0,0,136
3,698,1,1,255,0,0,0,0,0,0,0,0,0,0,9,197,709,0,0
3,699,1,1,255,0,0,0,0,0,0,0,0,0,0,9,197,0,0,0
3,700,1,1,10,50,0,3,0,0,0,0,0,0,1,5,169,0,0,0
3,701,1,1,20,100,0,2,0,0,0,0,0,0,1,5,167,0,0,0
3,702,1,1,10,20,0,2,0,0,0,0,0,0,0,15,276,0,0,0
3,703,1,1,20,75,0,2,0,0,0,0,0,0,0,15,245,0,0,0
3,704,1,1,5,25,0,2,0,0,0,0,0,0,0,15,207,0,0,0
3,705,1,1,10,50,0,2,0,0,0,0,0,0,0,15,169,0,0,0
3,706,1,1,18,200,0,2,0,0,0,0,0,0,0,15,278,710,0,0
3,707,1,1,30,100,0,2,0,0,0,0,0,0,0,15,283,0,0,133
3,708,1,1,40,150,0,2,0,0,0,0,0,0,0,15,281,533,0,0
3,709,1,1,30,100,0,5,0,0,0,0,0,0,1,15,115,0,0,0
3,710,1,0,5,10,0,6,0,0,0,0,0,0,0,15,171,0,0,0
3,711,1,1,0,0,0,0,0,0,0,0,0,0,0,15,121,0,0,0
3,712,1,1,0,0,0,0,0,0,0,0,0,0,0,15,123,0,0,0
3,713,1,1,255,0,0,4,0,0,0,0,0,0,0,15,13,0,0,0
3,714,1,1,255,0,0,4,0,0,0,0,0,0,0,15,15,0,0,0
3,715,1,1,255,0,0,4,0,0,0,0,0,0,0,15,17,0,0,0
3,716,1,1,255,0,0,4,0,0,0,0,0,0,0,15,51,0,0,0
3,717,1,1,255,0,0,4,0,0,0,0,0,0,0,15,53,0,0,0
3,718,1,1,255,0,0,4,0,0,0,0,0,0,0,15,55,0,0,0
3,719,1,1,255,0,0,4,0,0,0,0,0,0,0,15,89,0,0,0
3,720,1,1,255,0,0,4,0,0,0,0,0,0,0,15,91,0,0,0
3,721,1,1,255,0,0,4,0,0,0,0,0,0,0,15,93,0,0,0
3,722,1,1,255,0,0,0,0,0,0,0,0,0,0,15,161,0,0,0
3,723,1,1,255,0,0,0,0,0,0,0,0,0,0,15,163,0,0,0
3,724,1,1,255,0,0,0,0,0,0,0,0,0,0,15,199,0,0,0
3,725,1,1,255,0,0,0,0,0,0,0,0,0,0,15,237,0,0,0
3,726,1,1,255,0,0,0,0,0,0,0,0,0,0,15,238,0,0,0
3,727,1,1,255,0,0,0,0,0,0,0,0,0,0,15,165,0,0,0
3,728,1,1,255,0,0,0,0,0,0,0,0,0,0,15,167,0,0,0
3,729,1,1,255,0,0,0,0,0,0,0,0,0,0,15,205,0,0,0
3,730,1,1,255,0,0,0,0,0,0,0,0,0,0,15,242,0,0,0
3,731,1,1,255,0,0,0,0,0,0,0,0,0,0,15,243,0,0,0
3,732,1,1,50,0,0,0,0,0,0,0,0,0,2,15,153,0,0,150
3,733,1,1,50,0,0,0,0,0,0,0,0,0,2,15,191,0,0,150
3,734,1,1,255,0,0,0,0,0,0,0,0,0,0,15,195,0,0,0
3,735,1,1,60,0,0,0,0,0,0,0,0,0,0,19,156,0,0,133
3,736,1,1,60,0,0,0,0,0,0,0,0,0,0,19,164,0,0,133
3,737,1,1,60,0,0,0,0,0,0,0,0,0,2,19,191,703,0,0
3,738,1,1,60,0,0,0,0,0,0,0,0,0,2,19,193,703,0,0
3,739,0,1,0,0,0,0,0,0,0,0,0,0,1,12,165,0,0,0
3,740,0,1,0,0,0,0,0,0,0,0,0,0,1,12,167,0,0,0
3,741,0,1,0,0,0,0,0,0,0,0,0,0,1,12,169,0,0,0
3,742,0,1,0,0,0,0,0,0,0,0,0,0,1,12,203,0,0,0
3,743,0,1,0,0,0,0,0,0,0,0,0,0,1,12,205,0,0,0
3,744,0,1,0,0,0,0,0,0,0,0,0,0,1,12,207,0,0,0
3,745,0,1,10,50,0,0,0,0,0,0,0,0,1,14,43,0,0,0
3,746,0,1,10,0,0,0,0,0,0,0,0,0,0,14,45,0,0,0
3,747,0,1,10,0,0,0,0,0,0,0,0,0,1,14,5,0,0,0
3,748,0,1,10,0,0,0,0,0,0,0,0,0,0,14,7,0,0,0
3,749,0,1,12,25,0,0,0,0,0,0,0,0,2,14,77,0,0,110
3,750,0,1,6,10,0,0,0,0,0,0,0,0,0,14,1,0,0,0
3,751,0,1,15,50,0,0,0,0,0,0,0,0,2,14,83,0,0,63
3,752,1,0,20,0,4,0,0,0,0,0,0,0,1,14,19,0,0,0
3,753,0,1,20,0,0,0,0,0,0,0,0,0,2,11,229,0,0,0
3,754,0,1,20,50,0,0,0,0,0,0,0,0,2,11,231,752,0,0
3,755,1,0,20,0,-4,0,0,0,0,0,0,0,1,14,19,0,0,0
3,756,0,1,20,50,0,0,0,0,0,0,0,0,2,11,267,755,0,0
3,757,0,1,20,0,0,0,0,0,0,0,0,0,2,11,269,0,0,0
3,758,0,1,20,25,0,0,0,0,0,0,0,0,2,11,153,0,0,0
3,759,0,1,20,0,0,0,0,0,0,0,0,0,2,11,191,0,0,133
3,760,1,1,40,50,0,1,0,0,0,0,0,0,0,14,117,533,0,0
3,761,1,1,40,50,0,1,0,0,0,0,0,0,0,14,117,394,0,0
3,762,1,0,20,0,-3,-3,0,0,0,0,0,0,1,14,19,0,0,0
3,763,0,1,0,0,0,0,0,0,0,0,0,0,2,14,119,762,0,0
3,764,0,1,40,0,0,0,0,0,0,0,0,0,2,14,89,0,0,0
3,765,0,1,40,50,0,0,0,0,0,0,0,0,0,14,127,0,0,0
3,766,0,1,40,50,0,0,0,0,0,0,0,0,2,14,129,0,0,0
3,767,1,0,20,0,3,-3,0,0,0,0,0,0,1,14,19,0,0,0
3,768,0,1,40,0,0,0,0,0,0,0,0,0,2,11,165,0,0,0
3,769,0,1,0,0,0,0,0,0,0,0,0,0,2,11,167,767,0,0
3,770,0,1,40,50,0,0,0,0,0,0,0,0,2,11,203,0,0,0
3,771,0,1,40,50,0,0,0,0,0,0,0,0,0,11,205,0,0,0
3,772,1,1,254,50,0,0,0,0,0,0,0,0,2,14,193,0,0,76
3,773,1,1,254,50,0,0,0,0,0,0,0,0,2,14,195,0,0,76
3,774,1,1,254,50,0,0,0,0,0,0,0,0,2,14,241,0,0,0
3,775,1,1,254,50,0,0,0,0,0,0,0,0,2,14,243,0,0,0
3,776,1,1,10,50,0,0,0,0,0,0,0,0,1,17,89,0,0,132
3,777,1,1,6,25,0,0,0,0,0,0,0,0,0,17,125,0,0,0
3,778,1,1,15,25,0,0,0,0,0,0,0,0,1,11,49,0,0,0
3,779,1,1,255,25,0,0,0,0,0,0,0,0,1,5,277,0,0,0
3,780,1,1,100,150,0,0,0,0,0,0,0,0,0,5,229,0,0,0
3,781,1,1,0,0,0,0,0,0,0,0,0,0,0,5,237,0,0,0
3,782,1,1,100,150,0,0,0,0,0,0,0,0,0,5,267,0,0,0
3,783,1,1,0,0,0,0,0,0,0,0,0,0,0,5,275,0,0,0
3,784,1,1,0,0,0,0,0,0,0,0,0,0,0,5,7,0,0,0
3,785,1,1,100,150,0,0,0,0,0,0,0,0,0,5,9,0,0,0
3,786,1,1,0,0,0,0,0,0,0,0,0,0,0,5,45,0,0,0
3,787,1,1,100,150,0,0,0,0,0,0,0,0,0,5,47,0,0,0
3,788,1,1,0,0,0,0,0,0,0,0,0,0,0,5,49,0,0,0
3,789,1,1,0,0,0,0,0,0,0,0,0,0,0,5,51,0,0,0
3,790,1,1,20,100,0,0,0,0,0,0,0,0,1,28,1,0,0,0
3,791,1,1,20,0,0,0,0,0,0,0,0,0,1,28,39,0,0,0
3,792,1,1,8,25,3,-3,0,0,0,0,0,0,0,28,12,0,0,0
3,793,1,1,8,25,-3,-3,0,0,0,0,0,0,0,28,50,0,0,0
3,794,1,1,8,25,0,-3,0,0,0,0,0,0,0,28,10,0,0,0
3,795,1,1,8,25,0,1,0,0,0,0,0,0,0,12,284,0,0,131
3,796,1,1,254,50,0,1,0,0,0,0,0,0,0,28,89,0,0,131
3,797,1,1,254,100,0,1,0,0,0,0,0,0,2,28,91,799,0,131
3,798,1,1,254,50,0,1,0,0,0,0,0,0,0,28,93,0,0,131
3,799,1,1,20,25,0,1,92,0,0,0,0,0,1,28,123,0,0,131
3,800,1,1,0,-4,0,1,0,0,0,0,0,0,0,21,89,0,0,0
3,801,1,1,0,-5,0,1,0,0,0,0,0,0,0,21,92,0,0,0
3,802,1,1,2,25,0,0,94,94,2,2,5,5,1,28,153,1,0,0
3,803,1,1,4,40,0,1,0,0,0,0,0,0,1,28,191,3,0,131
3,804,1,0,0,0,0,1,0,0,0,0,0,0,0,28,19,0,0,131
3,805,1,0,0,0,0,1,0,0,0,0,0,0,0,28,38,0,0,131
3,806,1,0,0,0,0,1,0,0,0,0,0,0,0,28,57,0,0,131
3,807,1,1,20,100,0,1,0,0,0,0,0,0,2,28,91,802,0,131
3,808,1,1,20,100,0,1,0,0,0,0,0,0,2,28,91,803,0,131
3,809,1,1,3,0,0,-2,0,0,0,0,0,0,0,11,163,0,0,131
3,810,1,1,254,0,0,2,0,0,0,0,0,0,0,28,8,0,0,0
3,811,1,1,30,50,0,2,0,0,0,0,0,0,0,28,159,812,0,0
3,812,1,0,6,10,0,3,0,0,0,0,0,0,0,28,171,0,0,0
3,813,1,1,10,25,0,-2,0,0,0,0,0,0,0,28,163,0,0,0
3,814,1,1,10,50,0,2,0,0,0,0,0,0,0,28,165,0,0,0
3,815,1,1,20,50,0,1,0,0,0,0,0,0,2,28,197,816,0,0
3,816,1,0,3,10,0,0,0,0,0,0,0,0,1,28,190,4,0,0
3,817,1,1,20,50,0,-2,0,0,0,0,0,0,0,28,161,0,0,0
3,818,1,1,20,50,0,1,0,0,0,0,0,0,0,28,48,0,0,68
3,819,0,1,15,50,0,0,0,0,0,0,0,0,2,29,125,0,0,62
3,820,0,1,15,100,0,0,0,0,0,0,0,0,2,29,153,0,0,70
3,821,0,1,15,50,0,0,0,0,0,0,0,0,2,29,229,0,0,69
3,822,1,1,4,10,0,1,0,0,0,0,0,0,1,9,13,0,0,0
3,823,1,1,0,10027,0,0,0,0,0,0,0,0,1,20,85,0,0,0
3,824,1,1,6,50,0,0,0,0,0,0,0,0,0,10,3,0,825,0
3,825,1,1,10,0,0,0,0,0,1,6,3,0,0,10,3,0,394,12
3,826,1,1,2,0,0,2,0,0,0,0,0,0,0,8,117,0,0,68
3,827,1,1,0,30031,4,1,0,0,4,0,4,0,0,26,267,0,0,0
3,828,1,1,0,30027,4,1,0,0,4,0,4,0,0,26,269,0,0,0
3,829,1,1,0,32101,4,1,0,0,4,0,4,0,0,26,271,0,0,0
3,830,1,1,0,32102,4,1,0,0,4,0,4,0,0,26,273,0,0,0
3,831,1,1,0,32103,4,1,0,0,4,0,4,0,0,26,275,0,0,0
3,832,1,1,0,32104,4,1,0,0,4,0,4,0,0,26,277,0,0,0
3,833,1,1,0,32105,4,1,0,0,4,0,4,0,0,26,121,0,0,0
3,834,1,1,0,32106,4,1,0,0,4,0,4,0,0,26,123,0,0,0
3,835,1,1,250,5000,0,0,0,0,0,0,0,0,2,29,123,836,0,68
3,836,1,1,8,25,0,4,0,0,0,0,0,0,1,11,49,0,0,0
3,837,1,1,50,10,0,0,0,0,0,0,0,0,0,17,1,0,0,0
3,838,0,1,10,75,0,0,0,0,0,0,0,0,2,5,91,839,0,0
3,839,1,0,20,5,-3,3,0,0,0,0,0,0,1,14,19,0,0,0
3,840,0,1,15,75,0,0,0,0,0,0,0,0,2,10,39,841,0,0
3,841,1,1,25,10,4,0,0,0,0,0,0,0,1,5,277,0,0,0
3,842,0,1,6,75,0,0,0,0,0,0,0,0,0,5,89,0,0,0
3,843,1,1,0,10030,0,1,0,0,0,0,0,0,1,20,85,0,0,0
3,844,1,1,20,250,0,0,0,0,0,0,0,0,0,23,271,0,0,72
3,845,1,1,10,0,0,0,0,0,0,0,0,0,0,17,15,0,503,0
3,846,1,1,10,50,0,0,0,0,0,0,0,0,0,17,17,850,0,0
3,847,1,1,10,100,0,0,0,0,0,0,0,0,0,17,53,0,0,0
3,848,1,1,20,2000,0,0,0,0,0,0,0,0,0,17,55,0,0,0
3,849,1,1,255,100,0,0,0,0,0,0,0,0,0,17,1,0,0,0
3,850,1,1,15,0,0,0,0,0,0,0,0,0,1,17,129,4,0,0
4,0,1,1,1,0,0,0,0,0,0,0,0,0,0,0,0,0,0,0
4,1,1,0,2,5,0,3,94,0,0,-8,0,0,1,1,171,0,0,0
4,2,1,0,2,5,0,4,94,0,0,-5,0,0,1,1,171,0,0,0
4,3,1,0,2,5,0,0,92,0,0,8,0,0,1,1,171,0,0,0
4,4,1,1,2,0,0,1,0,0,0,0,0,0,1,1,159,0,0,0
4,5,1,1,6,20,0,0,0,0,0,0,0,0,1,1,229,0,0,0
4,6,1,1,6,25,0,0,0,0,0,0,0,0,0,1,85,0,0,0
4,7,1,1,6,25,0,0,0,0,0,0,0,0,0,1,87,0,0,0
4,8,1,1,6,25,0,0,0,0,0,0,0,0,0,1,123,0,0,0
4,9,1,1,6,25,0,0,0,0,0,0,0,0,0,1,125,0,0,0
4,10,1,1,3,15,0,1,0,0,0,0,0,0,1,1,191,0,0,0
4,11,1,1,6,20,0,0,97,97,0,0,0,0,1,1,243,0,0,0
4,12,1,1,3,15,0,1,0,0,0,0,0,0,1,1,205,0,0,0
4,13,1,1,6,25,0,0,0,0,0,0,0,0,0,1,85,0,0,116
4,14,1,1,6,25,0,0,0,0,0,0,0,0,0,1,87,0,0,115
4,15,0,1,10,20,0,0,0,0,0,0,0,0,0,1,91,0,0,2
4,16,1,0,12,5,0,0,0,0,0,8,0,0,1,1,171,0,0,0
4,17,1,1,5,20,0,1,0,0,0,0,0,0,0,1,267,0,0,59
4,18,1,1,50,0,0,0,0,0,16,0,0,0,0,1,7,0,0,0
4,19,1,1,50,0,0,0,0,0,16,0,0,0,0,1,9,0,0,0
4,20,1,1,50,0,0,0,0,0,16,0,0,0,0,1,11,0,0,0
4,21,1,1,50,0,0,0,0,0,-16,0,0,0,0,1,5,0,0,0
4,22,1,1,50,0,0,0,0,0,-16,0,0,0,0,1,3,0,0,0
4,23,1,1,50,0,0,0,0,0,-16,0,0,0,0,1,1,0,0,0
4,24,1,1,2,50,2,2,0,0,10,-20,0,0,0,1,269,0,0,62
4,25,1,1,2,50,-2,2,0,0,-10,-20,0,0,0,1,271,0,0,62
4,26,1,1,4,10,0,0,0,0,0,0,0,0,0,1,49,0,0,125
4,27,1,1,4,10,0,0,0,0,0,0,0,0,0,1,51,0,0,126
4,28,1,1,4,10,0,0,0,0,-12,0,-2,0,0,1,49,0,0,125
4,29,1,1,4,10,0,0,0,0,12,0,2,0,0,1,51,0,0,126
4,30,1,1,6,15,0,0,0,0,0,0,0,0,0,1,89,0,0,0
4,31,1,1,6,25,0,0,0,0,0,0,0,0,0,1,127,0,0,0
4,32,0,1,20,50,0,0,0,0,0,0,0,0,0,32,45,0,0,78
4,33,0,1,30,25,0,0,0,0,0,0,0,0,0,32,191,0,0,0
4,34,0,1,30,25,0,0,0,0,0,0,0,0,0,32,193,0,0,0
4,35,0,1,30,25,0,0,0,0,0,0,0,0,0,32,153,0,0,0
4,36,0,1,30,25,0,0,0,0,0,0,0,0,0,32,155,0,0,0
4,37,0,1,30,25,0,0,0,0,0,0,0,0,0,32,157,0,0,0
4,38,0,1,30,100,0,0,0,0,0,0,0,0,0,32,159,0,0,136
4,39,0,1,30,25,0,0,0,0,0,0,0,0,0,32,161,0,0,0
4,40,1,0,6,10,0,0,0,0,0,0,0,0,0,32,68,0,0,0
4,41,1,0,3,10,0,4,0,0,0,0,0,0,2,32,171,1043,0,0
4,42,1,0,3,10,0,4,0,0,0,0,0,0,2,32,171,1044,0,0
4,43,1,0,3,10,2,-1,0,0,3,0,0,0,0,32,190,0,0,0
4,44,1,0,3,10,-2,-1,0,0,-3,0,0,0,0,32,152,0,0,0
4,45,0,1,30,100,0,0,0,0,0,0,0,0,0,32,159,41,0,0
4,46,1,1,20,100,0,0,0,0,0,0,0,0,0,17,153,0,0,0
4,47,0,1,30,100,0,0,0,0,0,0,0,0,0,32,159,42,0,0
4,48,0,1,50,100,0,0,0,0,0,0,0,0,0,32,45,0,0,0
4,49,1,1,30,100,0,2,0,0,0,0,0,0,2,32,203,1052,0,0
4,50,1,1,30,100,0,2,0,0,0,0,0,0,2,32,204,1053,0,0
4,51,1,1,30,100,0,2,0,0,0,0,0,0,2,32,206,1054,0,0
4,52,1,1,30,100,1,0,0,0,4,0,0,0,0,32,203,0,0,0
4,53,1,1,30,100,1,0,0,0,4,0,0,0,0,32,204,0,0,0
4,54,1,1,30,100,1,0,0,0,4,0,0,0,0,32,206,0,0,0
4,55,1,1,30,100,0,2,0,0,0,0,0,0,2,32,198,1058,0,0
4,56,1,1,30,100,0,2,0,0,0,0,0,0,2,32,200,1059,0,0
4,57,1,1,30,100,0,2,0,0,0,0,0,0,2,32,201,1060,0,0
4,58,1,1,30,100,-1,0,0,0,-4,0,0,0,0,32,198,0,0,0
4,59,1,1,30,100,-1,0,0,0,-4,0,0,0,0,32,200,0,0,0
4,60,1,1,30,100,-1,0,0,0,-4,0,0,0,0,32,201,0,0,0
4,61,1,1,0,0,0,0,0,0,0,0,0,0,0,2,124,0,0,0
4,62,1,1,100,0,0,0,0,0,0,0,0,0,0,2,126,0,0,0
4,63,1,1,254,0,0,0,0,0,0,0,0,0,0,2,128,0,0,0
4,64,1,1,100,0,0,0,0,0,0,0,0,0,0,2,130,0,0,0
4,65,1,1,0,0,0,0,0,0,0,0,0,0,0,2,132,0,0,0
4,66,1,1,15,25,0,3,0,0,0,0,0,0,0,33,39,0,0,0
4,67,1,1,15,25,0,3,0,0,0,0,0,0,0,33,41,0,0,0
4,68,1,1,15,25,0,3,0,0,0,0,0,0,0,33,43,0,0,0
4,69,1,1,15,25,0,3,0,0,0,0,0,0,0,33,45,0,0,0
4,70,1,1,15,25,0,1,0,0,0,0,0,0,0,33,1,0,0,0
4,71,1,1,15,100,0,1,0,0,0,0,0,0,2,33,47,72,72,0
4,72,1,1,255,25,0,-1,0,0,0,0,0,0,2,33,47,0,0,77
4,73,1,1,40,100,0,0,0,0,0,0,0,0,0,33,3,0,0,154
4,74,1,1,255,50,0,0,0,0,0,0,0,0,2,33,55,0,0,77
4,75,1,1,255,50,0,0,0,0,0,0,0,0,2,33,93,0,0,77
4,76,1,1,50,0,0,0,0,0,0,0,0,0,0,2,267,0,0,0
4,77,1,1,50,0,0,0,0,0,0,0,0,0,0,2,269,0,0,0
4,78,1,1,50,0,0,0,0,0,0,0,0,0,0,2,271,0,0,0
4,79,1,1,50,0,0,0,0,0,0,0,0,0,0,2,273,0,0,0
4,80,0,1,20,0,0,0,0,0,0,0,0,0,2,3,39,0,0,0
4,81,0,1,20,0,0,0,0,0,0,0,0,0,2,3,41,0,0,0
4,82,0,1,20,0,0,0,0,0,0,0,0,0,2,3,1,0,0,0
4,83,0,1,20,0,0,0,0,0,0,0,0,0,2,3,3,0,0,0
4,84,0,1,14,0,0,0,0,0,0,0,0,0,2,3,55,0,0,59
4,85,0,1,14,0,0,0,0,0,0,0,0,0,2,3,169,0,0,0
4,86,0,1,14,0,0,0,0,0,0,0,0,0,2,3,207,463,0,0
4,87,0,1,20,0,0,0,0,0,0,0,0,0,0,3,199,0,0,0
4,88,0,1,20,0,0,0,0,0,0,0,0,0,0,3,201,0,0,0
4,89,0,1,20,0,0,0,0,0,0,0,0,0,0,3,161,0,0,0
4,90,0,1,20,0,0,0,0,0,0,0,0,0,0,3,163,0,0,0
4,91,1,1,10,0,4,0,0,0,0,0,0,0,0,4,125,454,502,0
4,92,1,1,254,0,4,0,0,0,0,0,0,0,0,4,127,0,0,0
4,93,1,0,3,0,0,1,0,0,-4,0,-6,0,1,4,19,0,0,0
4,94,1,0,3,0,0,2,0,0,-6,0,0,0,1,4,19,0,0,0
4,95,1,0,3,0,0,3,0,0,-12,0,0,0,1,4,19,0,0,0
4,96,1,0,3,0,0,4,0,0,0,0,0,0,1,4,19,0,0,0
4,97,1,0,3,0,0,3,0,0,12,0,0,0,1,4,19,0,0,0
4,98,1,0,3,0,0,2,0,0,6,0,0,0,1,4,19,0,0,0
4,99,1,0,3,0,0,1,0,0,4,0,6,0,1,4,19,0,0,0
4,100,1,1,10,0,0,1,0,0,0,0,0,0,1,4,153,454,0,0
4,101,1,1,254,0,0,1,0,0,0,0,0,0,1,4,191,0,0,0
4,102,1,1,6,0,0,6,0,0,1,-10,4,0,1,4,267,0,0,0
4,103,1,1,6,0,0,6,0,0,-1,-10,-4,0,1,4,267,0,0,0
4,104,1,1,12,0,0,1,0,0,0,0,0,0,1,4,1,0,508,63
4,105,1,0,3,0,0,1,0,0,-3,0,-8,0,1,4,19,0,0,0
4,106,1,1,200,0,0,0,0,0,0,0,0,0,0,4,9,0,0,0
4,107,1,1,200,0,0,0,0,0,0,0,0,0,0,4,45,0,0,0
4,108,1,1,20,0,0,-8,0,0,4,10,0,0,1,4,115,0,0,0
4,109,1,1,60,0,0,0,0,0,0,0,0,0,1,4,277,0,0,0
4,110,1,1,60,0,0,0,0,0,0,0,0,0,0,4,203,0,0,0
4,111,1,1,0,0,0,0,0,0,0,0,0,0,0,4,241,0,0,0
4,112,1,1,254,0,0,0,0,0,0,0,0,0,0,4,167,0,0,0
4,113,1,1,254,0,0,0,0,0,0,0,0,0,0,4,205,0,0,0
4,114,1,1,0,0,0,0,0,0,0,0,0,0,0,4,243,0,0,0
4,115,1,1,254,0,0,0,0,0,0,0,0,0,0,4,169,0,0,0
4,116,1,1,254,0,0,0,0,0,0,0,0,0,0,4,207,0,0,0
4,117,1,1,0,0,0,0,0,0,0,0,0,0,0,4,245,0,0,0
4,118,1,1,254,0,0,0,0,0,0,0,0,0,0,4,161,0,0,0
4,119,1,1,254,0,0,0,0,0,0,0,0,0,0,4,199,0,0,0
4,120,1,1,0,0,0,0,0,0,0,0,0,0,0,4,237,0,0,0
4,121,0,1,10,5,0,0,0,0,0,0,0,0,0,1,115,0,0,0
4,122,0,1,10,5,0,0,0,0,0,0,0,0,0,1,117,0,0,0
4,123,0,1,10,5,0,0,0,0,0,0,0,0,0,1,77,0,0,0
4,124,0,1,10,5,0,0,0,0,0,0,0,0,0,1,79,0,0,0
4,125,0,1,10,5,0,0,0,0,0,0,0,0,0,1,119,0,0,0
4,126,0,1,10,5,0,0,0,0,0,0,0,0,0,1,121,0,0,0
4,127,0,1,10,5,0,0,0,0,0,0,0,0,0,1,81,0,0,0
4,128,0,1,10,5,0,0,0,0,0,0,0,0,0,1,83,0,0,0
4,129,1,1,15,25,0,1,0,0,0,0,0,0,1,3,51,0,0,134
4,130,1,1,15,50,0,1,0,0,0,0,0,0,1,3,53,0,0,0
4,131,1,1,15,100,0,1,0,0,0,0,0,0,1,3,53,507,0,6
4,132,1,0,5,15,0,1,0,0,0,0,0,0,0,3,152,0,0,0
4,133,1,1,25,75,0,1,0,0,0,0,0,0,1,3,51,0,0,83
4,134,1,1,8,50,0,-5,0,0,0,0,0,0,1,3,237,0,0,135
4,135,1,1,3,0,0,1,0,0,0,0,0,0,0,8,5,0,0,0
4,136,1,1,3,0,0,2,0,0,0,0,0,0,0,8,5,0,0,0
4,137,1,1,3,0,0,3,0,0,0,0,0,0,0,8,5,0,0,0
4,138,1,1,10,0,0,0,0,0,0,0,0,0,0,8,39,0,0,0
4,139,1,1,10,0,0,0,0,0,0,0,0,0,0,8,41,0,0,0
4,140,1,1,10,0,0,0,0,0,0,0,0,0,0,8,1,0,0,0
4,141,1,1,10,0,0,0,0,0,0,0,0,0,0,8,3,0,0,0
4,142,0,1,10,25,0,0,0,0,0,0,0,0,2,7,1,0,0,63
4,143,0,1,15,100,0,0,0,0,0,0,0,0,2,7,39,0,0,144
4,144,1,0,2,5,0,0,0,0,0,0,0,0,2,7,38,0,0,142
4,145,0,1,18,50,0,0,0,0,0,0,0,0,0,7,245,0,0,0
4,146,0,1,18,0,0,0,0,0,0,0,0,0,0,7,283,0,0,0
4,147,1,1,10,25,0,0,0,0,0,0,0,0,1,11,1,0,0,0
4,148,1,1,3,50,2,0,0,0,0,0,0,0,1,11,77,0,0,0
4,149,1,1,254,25,0,0,0,0,0,0,0,0,0,10,1,0,0,0
4,150,1,1,254,25,0,0,0,0,0,0,0,0,0,10,3,0,0,0
4,151,1,1,254,25,0,0,0,0,0,0,0,0,0,10,5,0,0,0
4,152,1,1,254,25,0,0,0,0,0,0,0,0,0,10,7,0,0,0
4,153,0,1,14,50,0,0,0,0,0,0,0,0,2,12,39,0,0,59
4,154,0,1,20,50,0,0,0,0,0,0,0,0,0,12,119,0,0,0
4,155,0,1,20,0,0,0,0,0,0,0,0,0,0,12,121,0,0,0
4,156,0,1,20,0,0,0,0,0,0,0,0,0,0,12,81,0,0,0
4,157,0,1,20,0,0,0,0,0,0,0,0,0,0,12,83,0,0,0
4,158,0,1,20,50,0,0,0,0,0,0,0,0,2,12,43,0,0,0
4,159,0,1,20,0,0,0,0,0,0,0,0,0,2,12,45,0,0,0
4,160,0,1,20,0,0,0,0,0,0,0,0,0,2,12,5,0,0,116
4,161,0,1,20,0,0,0,0,0,0,0,0,0,2,12,7,0,0,0
4,162,0,1,15,25,0,0,0,0,0,0,0,0,2,10,39,0,0,59
4,163,1,1,3,20,0,0,0,0,0,0,0,0,0,10,125,0,0,92
4,164,1,1,4,25,0,0,0,0,0,0,0,0,0,10,11,0,0,8
4,165,1,1,6,40,0,0,0,0,0,0,0,0,0,10,49,0,0,12
4,166,1,1,8,50,0,0,0,0,0,0,0,0,0,10,87,0,0,8
4,167,1,1,10,75,0,0,0,0,0,0,0,0,0,10,3,0,0,100
4,168,1,1,12,50,0,0,0,0,0,0,0,0,0,10,55,0,0,16
4,169,1,1,14,80,0,0,0,0,0,0,0,0,0,10,79,0,0,98
4,170,1,1,15,100,0,0,0,0,0,0,0,0,0,10,53,0,0,100
4,171,0,1,30,75,0,0,0,0,0,0,0,0,2,10,43,0,0,0
4,172,0,1,30,75,0,0,0,0,0,0,0,0,2,10,81,0,0,0
4,173,0,1,30,75,0,0,0,0,0,0,0,0,2,10,119,0,0,24
4,174,1,1,50,25,0,1,0,0,0,0,0,0,0,32,83,0,0,0
4,175,1,1,50,25,0,1,0,0,0,0,0,0,0,32,85,0,0,0
4,176,1,1,50,25,0,1,0,0,0,0,0,0,0,32,87,0,0,0
4,177,1,1,50,25,0,1,0,0,0,0,0,0,0,32,89,0,0,0
4,178,1,1,50,25,0,1,0,0,0,0,0,0,0,32,121,0,0,0
4,179,1,1,50,25,0,1,0,0,0,0,0,0,0,32,123,182,0,0
4,180,1,1,50,25,0,1,0,0,0,0,0,0,0,32,125,182,0,0
4,181,1,1,50,25,0,1,0,0,0,0,0,0,0,32,127,0,0,0
4,182,1,1,10,25,0,3,0,0,0,0,0,0,1,31,267,0,0,0
4,183,0,1,12,50,0,0,0,0,0,0,0,0,2,31,18,0,0,116
4,184,1,1,15,0,0,0,0,0,0,2,0,4,2,11,121,0,0,116
4,185,1,1,40,25,0,0,0,0,0,0,0,0,1,11,1,0,0,0
4,186,1,1,10,25,3,0,0,0,0,0,0,0,2,11,77,0,0,116
4,187,1,1,10,25,-3,0,0,0,0,0,0,0,2,11,77,0,0,116
4,188,1,1,10,25,-3,0,0,0,0,0,0,0,2,11,77,0,0,116
4,189,1,1,10,25,3,0,0,0,0,0,0,0,2,11,77,0,0,116
4,190,1,1,10,25,0,0,0,0,1,0,10,0,1,11,127,0,0,0
4,191,1,1,10,25,0,0,0,0,-1,0,-10,0,1,11,127,0,0,0
4,192,1,1,20,0,0,0,0,0,0,0,0,0,1,4,229,0,0,0
4,193,1,1,20,0,0,0,0,0,0,0,0,0,1,4,231,0,0,0
4,194,0,1,30,50,0,0,0,0,0,0,0,0,0,20,13,0,0,2
4,195,1,0,10,25,0,0,0,0,0,0,0,0,0,23,19,0,0,6
4,196,1,1,40,50,0,0,0,0,0,0,0,0,0,8,237,0,0,0
4,197,0,1,40,25,0,0,0,0,0,0,0,0,0,20,277,0,0,60
4,198,0,1,40,75,0,0,0,0,0,0,0,0,0,20,279,199,0,60
4,199,1,0,2,100,0,0,94,94,2,2,5,5,1,20,171,1,0,0
4,200,1,1,254,1,0,0,0,0,0,0,0,0,0,0,0,0,0,0
4,201,1,1,6,25,0,3,0,0,0,0,0,0,0,31,1,0,0,0
4,202,1,1,6,25,0,1,0,0,0,0,0,0,0,31,126,0,0,110
4,203,0,1,20,25,0,0,0,0,0,0,0,0,0,31,122,0,0,0
4,204,0,1,20,25,0,0,0,0,0,0,0,0,0,31,124,0,0,0
4,205,0,1,12,50,0,0,0,0,0,0,0,0,0,31,12,0,0,105
4,206,0,1,20,25,0,0,0,0,0,0,0,0,0,31,84,0,0,0
4,207,0,1,20,25,0,0,0,0,0,0,0,0,0,31,86,0,0,0
4,208,0,1,0,0,0,0,0,0,0,0,0,0,0,31,191,0,0,0
4,209,0,1,0,0,0,0,0,0,0,0,0,0,0,31,193,0,0,0
4,210,0,1,0,0,0,0,0,0,0,0,0,0,0,31,153,0,0,0
4,211,0,1,0,0,0,0,0,0,0,0,0,0,0,31,155,0,0,0
4,212,0,0,0,0,0,0,0,0,0,0,0,0,0,31,180,0,0,0
4,213,0,1,0,0,0,0,0,0,0,0,0,0,0,31,162,0,0,0
4,214,0,1,0,0,0,0,0,0,0,0,0,0,0,31,164,0,0,0
4,215,1,1,255,25,0,0,0,0,0,0,0,0,0,31,198,0,0,0
4,216,1,1,255,25,0,0,0,0,0,0,0,0,0,31,200,0,0,0
4,217,0,1,0,0,0,0,0,0,0,0,0,0,0,31,202,0,0,0
4,218,0,1,0,0,0,0,0,0,0,0,0,0,0,31,241,0,0,0
4,219,0,1,0,0,0,0,0,0,0,0,0,0,0,31,262,0,0,0
4,220,0,1,0,0,0,0,0,0,0,0,0,0,0,31,279,0,0,0
4,221,1,1,255,25,0,0,0,0,0,0,0,0,0,31,281,0,0,0
4,222,1,1,255,25,0,0,0,0,0,0,0,0,0,31,282,0,0,0
4,223,1,1,8,30,0,0,0,0,0,0,0,0,1,31,10,0,0,0
4,224,1,1,8,30,0,0,0,0,0,0,0,0,1,31,8,0,0,0
4,225,0,0,20,100,0,0,0,0,0,0,0,0,2,31,3,0,0,116
4,226,0,0,20,100,0,0,0,0,0,0,0,0,2,31,3,0,0,123
4,227,0,0,20,100,0,0,0,0,0,0,0,0,2,31,3,0,0,124
4,228,0,1,0,0,0,0,0,0,0,0,0,0,0,31,166,0,0,0
4,229,0,1,0,0,0,0,0,0,0,0,0,0,0,31,168,0,0,0
4,230,0,1,0,0,0,0,0,0,0,0,0,0,0,31,170,0,0,0
4,231,0,1,0,0,0,0,0,0,0,0,0,0,0,31,204,0,0,0
4,232,0,1,0,0,0,0,0,0,0,0,0,0,0,31,206,0,0,0
4,233,0,1,0,0,0,0,0,0,0,0,0,0,0,31,208,0,0,0
4,234,0,1,16,0,0,0,0,0,0,0,0,0,0,7,241,0,0,0
4,235,0,1,16,0,0,0,0,0,0,0,0,0,0,7,243,0,0,0
4,236,1,1,12,25,0,0,0,0,0,0,0,0,0,7,15,0,0,0
4,237,0,1,25,100,0,0,0,0,0,0,0,0,0,7,55,0,0,0
4,238,0,1,25,0,0,0,0,0,0,0,0,0,0,7,17,0,0,0
4,239,0,1,25,0,0,0,0,0,0,0,0,0,2,7,115,0,0,0
4,240,0,1,25,0,0,0,0,0,0,0,0,0,2,7,77,0,0,143
4,241,0,1,80,250,0,0,0,0,0,0,14,10,1,25,191,0,0,0
4,242,0,1,80,0,0,0,0,0,0,0,14,10,1,25,193,0,0,0
4,243,0,1,80,0,0,0,0,0,0,0,14,10,1,25,153,0,0,255
4,244,0,1,80,0,0,0,0,0,0,0,14,10,1,25,155,0,0,255
4,245,0,1,0,0,0,0,0,0,0,0,0,0,0,32,77,0,0,0
4,246,0,1,0,0,0,0,0,0,0,0,0,0,0,32,79,0,0,0
4,247,0,1,0,0,0,0,0,0,0,0,0,0,0,32,81,0,0,0
4,248,0,1,0,0,0,0,0,0,0,0,0,0,0,32,115,0,0,0
4,249,0,1,20,250,0,0,0,0,0,0,0,0,2,32,117,0,0,139
4,250,0,1,0,0,0,0,0,0,0,0,0,0,0,32,119,0,0,0
4,251,1,1,20,25,0,0,0,0,0,0,0,0,0,31,237,0,0,0
4,252,0,1,20,25,0,0,0,0,0,0,0,0,0,31,275,0,0,0
4,253,0,1,2,0,0,0,0,0,0,0,0,0,1,31,128,0,254,0
4,254,1,1,20,100,0,0,0,0,0,0,0,0,1,31,229,255,0,0
4,255,1,0,2,10,0,0,94,94,2,2,5,5,1,31,134,1,0,0
4,256,0,1,10,50,0,0,0,0,0,0,0,0,2,31,128,257,0,0
4,257,1,1,20,100,0,0,97,97,0,0,0,0,2,31,235,258,394,0
4,258,1,0,5,10,0,0,0,0,0,0,0,0,1,31,134,5,0,0
4,259,1,0,10,25,0,0,0,0,-1,0,-10,0,2,31,134,258,0,0
4,260,1,1,150,150,0,0,0,0,0,0,0,0,0,32,11,0,0,116
4,261,1,1,150,150,0,0,0,0,0,0,0,0,0,32,13,0,0,0
4,262,1,0,150,150,0,0,0,0,0,0,0,0,0,32,49,0,0,0
4,263,1,1,150,150,0,0,0,0,0,0,0,0,0,32,50,0,0,116
4,264,1,1,150,150,0,0,0,0,0,0,0,0,0,32,52,0,0,0
4,265,1,1,150,150,0,0,0,0,0,0,0,0,0,32,92,0,0,0
4,266,1,1,150,150,0,0,0,0,0,0,0,0,0,32,94,0,0,116
4,267,1,1,150,150,0,0,0,0,0,0,0,0,0,32,129,0,0,0
4,268,1,1,150,150,0,0,0,0,0,0,0,0,0,32,131,0,0,116
4,269,1,0,150,150,0,0,0,0,0,0,0,0,0,32,133,0,0,0
4,270,0,1,12,0,0,0,0,0,0,0,0,0,2,8,127,0,0,145
4,271,0,1,12,0,0,0,0,0,0,0,0,0,2,8,275,463,0,0
4,272,0,1,12,0,0,0,0,0,0,0,0,0,1,23,229,0,0,0
4,273,0,1,12,0,0,0,0,0,0,0,0,0,1,8,193,0,0,144
4,274,0,1,12,0,0,0,0,0,0,0,0,0,1,23,229,0,0,0
4,275,0,1,12,0,0,0,0,0,0,0,0,0,1,23,153,0,0,0
4,276,0,1,12,0,0,0,0,0,0,0,0,0,1,23,191,0,0,0
4,277,0,1,12,0,0,0,0,0,0,0,0,0,1,23,153,0,0,0
4,278,0,1,12,0,0,0,0,0,0,0,0,0,1,23,267,0,0,0
4,279,0,1,12,0,0,0,0,0,0,0,0,0,1,23,1,0,0,0
4,280,0,1,12,0,0,0,0,0,0,0,0,0,1,23,115,0,0,0
4,281,0,1,12,0,0,0,0,0,0,0,0,0,1,23,191,0,0,0
4,282,1,1,3,0,0,2,0,0,0,0,0,0,2,8,79,0,0,59
4,283,1,1,8,0,0,2,0,0,0,0,0,0,0,8,115,0,0,5
4,284,1,1,6,25,0,2,0,0,0,0,0,0,0,8,121,0,0,0
4,285,1,1,8,250,0,2,0,0,0,0,0,0,2,8,157,0,0,24
4,286,1,1,8,50,0,2,93,0,0,0,0,0,1,8,229,0,0,0
4,287,1,1,10,35,0,0,0,0,0,0,0,0,0,9,195,0,0,0
4,288,1,1,255,75,0,0,0,0,0,0,0,0,0,33,89,0,0,110
4,289,1,1,30,25,0,0,0,0,0,0,0,0,1,33,203,0,0,0
4,290,1,1,30,25,0,0,0,0,0,0,0,0,1,33,241,0,0,0
4,291,1,1,20,25,0,0,0,0,0,0,0,0,0,33,53,0,0,0
4,292,1,1,20,25,0,0,0,0,0,0,0,0,0,33,91,0,0,0
4,293,1,1,4,50,0,0,0,0,0,0,0,0,0,31,195,0,0,116
4,294,1,1,4,50,0,0,0,0,0,0,0,0,0,31,195,0,0,123
4,295,1,1,4,50,0,0,0,0,0,0,0,0,0,31,195,0,0,124
4,296,1,1,10,25,0,0,0,0,0,0,0,0,0,33,51,0,0,110
4,297,1,1,5,15,0,0,0,0,0,0,0,0,0,9,233,0,0,0
4,298,1,1,255,250,0,0,0,0,0,0,0,0,0,31,229,258,0,0
4,299,0,1,30,0,0,0,0,0,0,0,0,0,0,22,5,0,0,0
4,300,0,1,30,0,0,0,0,0,0,0,0,0,0,22,7,0,0,0
4,301,0,1,30,0,0,0,0,0,0,0,0,0,0,22,9,0,0,0
4,302,1,1,60,25,0,0,0,0,0,0,0,0,0,13,201,0,0,0
4,303,1,1,60,25,0,0,0,0,0,0,0,0,0,13,203,0,0,0
4,304,1,1,60,50,0,0,0,0,0,0,0,0,0,13,237,0,0,0
4,305,1,1,60,50,0,0,0,0,0,0,0,0,0,13,239,0,0,0
4,306,1,1,60,75,0,0,0,0,0,0,0,0,0,13,241,0,0,0
4,307,1,1,60,100,0,0,0,0,0,0,0,0,0,13,243,0,0,0
4,308,1,1,60,150,0,0,0,0,0,0,0,0,0,13,278,0,0,151
4,309,1,1,255,500,0,0,0,0,0,0,0,0,0,34,85,0,0,79
4,310,1,1,255,500,0,0,0,0,0,0,0,0,0,34,87,0,0,0
4,311,1,1,255,500,0,0,0,0,0,0,0,0,0,34,89,0,0,0
4,312,1,1,255,500,0,0,0,0,0,0,0,0,0,34,47,0,0,0
4,313,1,1,255,500,0,0,0,0,0,0,0,0,0,34,49,337,0,0
4,314,1,1,255,500,0,0,0,0,0,0,0,0,0,34,51,0,0,0
4,315,1,1,255,500,0,0,0,0,0,0,0,0,0,34,28,0,0,0
4,316,1,1,255,500,0,0,0,0,0,0,0,0,0,34,32,0,0,0
4,317,1,1,255,500,0,0,0,0,0,0,0,0,0,34,10,0,0,0
4,318,1,1,255,500,0,0,0,0,0,0,0,0,0,34,12,0,0,0
4,319,1,1,255,3000,0,0,0,0,0,0,0,0,1,34,123,0,0,0
4,320,0,1,255,2000,0,0,0,0,0,0,0,0,1,33,121,0,0,77
4,321,1,1,255,100,0,0,0,0,0,0,0,0,0,28,167,0,0,0
4,322,0,1,255,100,0,0,0,0,0,0,0,0,2,28,169,1043,0,0
4,323,0,1,255,100,0,0,0,0,0,0,0,0,2,28,14,1044,0,0
4,324,1,1,255,100,0,0,0,0,0,0,0,0,0,28,16,0,0,0
4,325,1,1,30,100,0,0,0,0,0,0,0,0,0,34,41,41,0,0
4,326,1,1,30,100,0,0,0,0,0,0,0,0,0,34,41,42,0,0
4,327,1,1,255,500,0,0,0,0,0,0,0,0,0,34,153,0,0,0
4,328,1,1,255,500,0,0,0,0,0,0,0,0,0,34,155,0,0,0
4,329,1,1,255,500,0,0,0,0,0,0,0,0,0,34,157,0,0,0
4,330,1,1,255,500,0,0,0,0,0,0,0,0,0,34,191,0,0,0
4,331,1,1,255,500,0,0,0,0,0,0,0,0,0,34,193,0,0,0
4,332,1,1,255,500,0,0,0,0,0,0,0,0,0,34,195,0,0,0
4,333,1,1,0,0,0,0,0,0,0,0,0,0,0,34,210,0,0,0
4,334,1,1,255,500,0,0,0,0,0,0,0,0,0,34,212,0,0,242
4,335,1,1,0,0,0,0,0,0,0,0,0,0,0,34,214,0,0,0
4,336,1,1,255,500,0,0,0,0,0,0,0,0,0,34,87,0,0,0
4,337,1,1,15,10,0,0,0,0,0,0,0,0,1,32,163,4,0,0
4,338,1,1,10,25,0,0,0,0,0,0,0,0,1,33,127,0,0,0
4,339,1,1,20,100,0,0,0,0,0,0,0,0,2,33,127,0,341,132
4,340,1,1,20,25,0,0,0,0,0,0,0,0,2,33,79,341,0,90
4,341,1,0,4,10,0,0,94,94,2,2,5,5,1,33,202,1,0,0
4,342,1,1,30,25,0,0,0,0,0,0,0,0,0,32,196,0,395,0
4,343,1,1,30,25,0,0,0,0,0,0,0,0,0,32,208,0,395,0
4,344,1,0,255,10,0,0,0,0,0,0,0,0,1,33,202,0,0,0
4,345,1,1,10,100,0,2,0,0,0,0,0,0,2,33,284,1346,0,0
4,346,1,1,10,100,-4,0,0,0,0,0,0,0,0,33,284,0,0,0
4,347,1,1,10,100,0,2,0,0,0,0,0,0,2,33,245,1348,0,0
4,348,1,1,10,100,4,0,0,0,0,0,0,0,0,33,245,0,0,0
4,349,1,0,0,0,0,0,0,0,0,0,0,0,1,33,266,0,0,0
4,350,1,0,0,0,0,0,0,0,0,0,0,0,1,33,247,0,0,0
4,351,1,1,255,500,0,0,0,0,0,0,0,0,0,34,1,0,0,0
4,352,1,1,255,500,0,0,0,0,0,0,0,0,0,34,3,0,0,0
4,353,1,1,255,500,0,0,0,0,0,0,0,0,0,34,39,0,0,119
4,354,1,1,255,500,0,0,0,0,0,0,0,0,0,34,5,0,0,0
4,355,1,1,255,500,0,0,0,0,0,0,0,0,0,34,7,0,0,0
4,356,1,1,255,500,0,0,0,0,0,0,0,0,0,34,45,0,0,120
4,357,1,1,40,100,0,0,0,0,0,0,0,0,0,34,43,0,0,132
4,358,1,1,255,500,0,0,0,0,0,0,0,0,0,34,235,0,0,2
4,359,1,1,255,500,0,0,0,0,0,0,0,0,0,34,236,0,0,0
4,360,1,1,255,500,0,0,0,0,0,0,0,0,0,34,254,0,0,0
4,361,1,1,255,500,0,0,0,0,0,0,0,0,0,34,274,0,0,0
4,362,1,1,255,500,0,0,0,0,0,0,0,0,0,34,238,0,0,0
4,363,1,1,255,500,0,0,0,0,0,0,0,0,0,34,239,0,0,3
4,364,1,1,255,500,0,0,0,0,0,0,0,0,0,34,276,0,0,0
4,365,1,1,255,500,0,0,0,0,0,0,0,0,0,34,258,0,0,0
4,366,1,1,250,250,0,1,0,0,0,0,0,0,0,31,39,0,0,62
4,367,1,1,250,250,0,1,0,0,0,0,0,0,0,31,77,0,0,62
4,368,1,1,250,250,0,1,0,0,0,0,0,0,0,31,96,255,0,62
4,369,1,1,250,250,0,1,0,0,0,0,0,0,0,31,22,0,0,62
4,370,1,1,250,250,0,1,0,0,0,0,0,0,0,31,23,0,0,62
4,371,1,1,250,250,0,1,0,0,0,0,0,0,0,31,60,0,0,62
4,372,1,1,250,250,0,1,0,0,0,0,0,0,0,31,61,0,0,62
4,373,1,1,250,250,0,1,0,0,0,0,0,0,0,31,98,0,0,62
4,374,1,1,250,250,0,1,0,0,0,0,0,0,0,31,99,0,0,62
4,375,1,1,250,250,0,1,0,0,0,0,0,0,0,31,117,0,0,62
4,376,1,1,250,250,0,1,0,0,0,0,0,0,0,31,118,0,0,62
4,377,1,1,250,250,0,1,0,0,0,0,0,0,0,31,44,0,0,62
4,378,1,1,250,250,0,1,0,0,0,0,0,0,0,31,82,0,0,62
4,379,1,1,250,250,0,1,0,0,0,0,0,0,0,31,101,255,0,62
4,380,1,1,4,25,0,0,0,0,0,0,0,0,0,31,6,0,0,0
4,381,1,1,30,25,0,0,0,0,0,0,0,0,0,31,195,0,0,0
4,382,1,1,30,50,0,0,0,0,0,0,0,0,0,31,229,0,0,0
4,383,0,1,254,250,0,0,0,0,0,0,0,0,0,31,229,0,0,0
4,384,1,1,6,50,0,0,0,0,0,0,0,0,0,31,246,0,0,0
4,385,1,1,10,100,0,4,0,0,0,0,0,0,0,31,195,0,0,0
4,386,1,1,10,25,0,0,0,0,0,0,0,0,1,33,127,341,0,0
4,387,1,1,0,0,0,0,0,0,0,0,0,0,0,18,193,0,0,0
4,388,1,1,0,0,0,0,0,0,0,0,0,0,0,18,195,0,0,0
4,389,1,1,0,0,0,0,0,0,0,0,0,0,0,18,197,0,0,0
4,390,0,0,0,10,0,1,0,0,0,0,0,0,1,21,1,0,0,0
4,391,1,0,0,25,0,1,0,0,0,0,0,0,1,21,7,0,0,0
4,392,0,0,0,50,0,1,0,0,0,0,0,0,1,21,26,0,0,0
4,393,1,0,0,75,0,1,0,0,0,0,0,0,1,21,20,0,0,0
4,394,0,0,0,100,0,1,0,0,0,0,0,0,1,21,32,0,0,0
4,395,1,0,0,250,0,1,0,0,0,0,0,0,1,21,14,0,0,0
4,396,0,0,0,500,0,1,0,0,0,0,0,0,1,21,51,0,0,0
4,397,1,1,0,1000,0,1,0,0,0,0,0,0,1,21,39,0,0,0
4,398,0,1,0,2500,0,1,0,0,0,0,0,0,1,21,77,0,0,0
4,399,1,1,0,5000,0,1,0,0,0,0,0,0,1,21,115,0,0,0
4,400,1,1,200,0,0,0,0,0,0,0,5,0,0,24,1,0,0,0
4,401,1,1,200,0,0,0,0,0,0,0,5,0,0,24,3,0,0,154
4,402,1,1,200,0,0,0,0,0,0,0,5,0,0,24,5,0,0,0
4,403,1,1,200,0,0,0,0,0,0,0,5,0,0,24,7,0,0,0
4,404,1,1,200,0,0,0,0,0,0,0,5,0,0,24,9,0,0,154
4,405,1,1,200,0,0,0,0,0,0,0,5,0,0,24,11,0,0,0
4,406,1,1,200,0,0,0,0,0,0,0,5,0,2,24,39,0,0,154
4,407,1,1,0,0,0,0,0,0,0,0,5,0,0,24,41,0,0,154
4,408,1,1,200,0,0,0,0,0,0,0,5,0,0,24,43,0,0,154
4,409,1,1,200,0,0,0,0,0,0,0,5,0,0,24,45,0,0,154
4,410,1,1,0,0,0,0,0,0,0,0,5,0,0,24,47,0,0,154
4,411,1,1,200,0,0,0,0,0,0,0,5,0,2,24,49,0,0,154
4,412,1,1,254,300,0,1,0,0,0,0,0,0,0,32,16,0,0,0
4,413,1,1,254,300,0,1,0,0,0,0,0,0,0,32,18,0,0,0
4,414,1,1,254,300,0,1,0,0,0,0,0,0,0,32,54,0,0,142
4,415,1,1,254,300,0,1,0,0,0,0,0,0,0,32,56,0,0,142
4,416,1,1,255,1000,0,0,0,0,0,0,0,0,0,31,271,0,0,0
4,417,1,1,50,0,0,0,0,0,8,4,2,2,0,12,89,0,0,0
4,418,1,1,50,0,0,0,0,0,4,2,4,4,0,12,127,0,0,0
4,419,1,1,50,0,0,0,0,0,2,2,8,4,0,12,91,0,0,0
4,420,1,1,50,0,0,0,0,0,1,1,16,8,0,12,77,0,0,0
4,421,1,1,50,0,0,0,0,0,1,1,16,8,0,12,115,0,0,0
4,422,1,1,10,150,0,0,0,0,0,0,4,0,0,12,17,0,0,0
4,423,1,1,10,0,0,0,0,0,0,0,4,0,0,12,55,0,0,0
4,424,1,1,10,0,0,0,0,0,0,0,4,0,0,12,93,0,0,0
4,425,1,1,20,0,0,0,0,0,0,0,4,0,0,12,131,0,0,0
4,426,1,1,40,0,0,0,0,0,0,0,0,0,0,27,153,0,0,0
4,427,1,1,40,0,0,0,0,0,0,0,0,0,0,27,155,0,0,0
4,428,1,1,40,0,0,0,0,0,0,0,0,0,0,27,191,0,0,0
4,429,1,1,40,0,0,0,0,0,0,0,0,0,0,27,193,0,0,0
4,430,1,1,60,0,0,0,0,0,0,0,0,0,0,27,233,0,0,0
4,431,1,1,60,0,0,0,0,0,0,0,0,0,0,27,235,0,0,0
4,432,1,1,60,0,0,0,0,0,0,0,0,0,0,27,271,0,0,0
4,433,1,1,60,0,0,0,0,0,0,0,0,0,0,27,273,0,0,0
4,434,1,1,255,500,0,0,0,0,0,0,0,0,0,34,77,0,0,0
4,435,1,1,255,500,0,0,0,0,0,0,0,0,0,34,79,0,0,0
4,436,1,1,255,500,0,0,0,0,0,0,0,0,0,34,115,0,0,0
4,437,1,1,255,500,0,0,0,0,0,0,0,0,0,34,117,0,0,0
4,438,1,1,255,500,0,0,0,0,0,0,0,0,0,34,81,0,0,0
4,439,1,1,255,500,0,0,0,0,0,0,0,0,0,34,83,0,0,0
4,440,1,1,255,500,0,0,0,0,0,0,0,0,0,34,119,0,0,0
4,441,1,1,255,500,0,0,0,0,0,0,0,0,0,34,121,0,0,0
4,442,1,1,255,250,0,0,0,0,0,0,0,0,0,34,159,0,0,0
4,443,1,1,255,250,0,0,0,0,0,0,0,0,0,34,161,0,0,0
4,444,1,1,255,250,0,0,0,0,0,0,0,0,0,34,163,0,0,0
4,445,1,1,255,250,0,0,0,0,0,0,0,0,0,34,165,0,0,0
4,446,1,1,255,250,0,0,0,0,0,0,0,0,0,34,197,0,0,0
4,447,1,1,255,250,0,0,0,0,0,0,0,0,0,34,199,0,0,0
4,448,1,1,255,250,0,0,0,0,0,0,0,0,0,34,201,0,0,0
4,449,1,1,255,250,0,0,0,0,0,0,0,0,0,34,203,0,0,0
4,450,1,1,255,100,0,0,0,0,0,0,0,0,2,28,169,1452,0,0
4,451,1,1,255,100,0,0,0,0,0,0,0,0,2,28,14,1453,0,0
4,452,1,0,3,10,2,0,0,0,3,0,0,0,0,33,286,0,0,0
4,453,1,0,3,10,-2,0,0,0,-3,0,0,0,0,33,267,0,0,0
4,454,1,0,20,0,0,0,0,0,0,0,0,0,0,4,102,0,0,0
4,455,1,0,4,5,0,0,0,0,0,0,0,0,1,23,171,4,0,0
4,456,0,1,20,75,0,0,0,0,0,0,0,0,2,8,241,455,0,0
4,457,0,1,20,50,0,0,0,0,0,0,0,0,0,20,53,458,0,0
4,458,1,0,5,15,0,3,0,0,0,0,0,0,1,20,19,0,0,0
4,459,1,1,40,150,0,0,93,0,0,0,0,0,2,23,93,460,0,0
4,460,1,0,2,7,0,5,0,0,0,0,0,0,1,20,95,0,0,0
4,461,1,1,20,20,0,1,0,0,0,0,0,0,0,8,16,0,0,0
4,462,1,1,20,25,0,1,0,0,0,0,0,0,2,8,93,0,0,116
4,463,1,1,80,0,0,4,0,0,0,0,0,0,0,8,191,0,0,0
4,464,1,1,254,0,0,0,0,0,0,2,4,3,0,9,153,0,0,0
4,465,1,1,20,0,0,0,0,0,0,2,4,3,2,9,155,0,0,59
4,466,1,1,254,0,0,0,0,0,0,0,0,0,0,9,153,0,0,0
4,467,1,1,20,0,0,0,0,0,0,0,0,0,2,9,155,0,0,59
4,468,1,1,0,0,0,0,0,0,0,-8,0,0,0,2,81,0,0,0
4,469,1,1,0,0,0,0,0,0,0,-8,0,0,0,2,83,0,0,0
4,470,1,1,0,0,0,0,0,0,0,-8,0,0,0,2,85,0,0,0
4,471,1,1,0,0,0,0,0,0,0,-8,0,0,0,2,119,0,0,0
4,472,1,1,0,0,0,0,0,0,0,-8,0,0,0,2,121,0,0,0
4,473,1,1,0,0,0,0,0,0,0,-8,0,0,0,2,123,0,0,0
4,474,0,1,0,375,0,1,0,0,0,0,0,0,0,21,241,0,0,0
4,475,0,1,0,500,0,0,0,0,0,0,0,0,0,21,243,0,0,0
4,476,1,1,0,800,0,1,0,0,0,0,0,0,0,21,245,0,0,0
4,477,1,1,8,25,0,1,0,0,0,0,0,0,0,9,195,479,395,0
4,478,1,1,4,15,0,1,0,0,0,0,0,0,0,9,233,0,394,0
4,479,1,1,1,5,0,0,94,94,0,0,0,0,0,9,235,0,0,0
4,480,1,1,254,0,0,0,0,0,0,0,0,0,0,10,153,0,0,0
4,481,1,1,254,0,0,0,0,0,0,0,0,0,0,10,155,0,0,0
4,482,1,1,254,0,0,0,0,0,0,0,0,0,0,10,157,0,0,0
4,483,1,1,254,0,0,0,0,0,0,0,0,0,0,10,159,0,0,0
4,484,1,1,254,0,0,0,0,0,0,0,0,0,0,10,161,0,0,0
4,485,1,1,254,0,0,0,0,0,0,0,0,0,0,10,163,0,0,0
4,486,1,1,254,0,0,0,0,0,0,0,0,0,0,10,191,0,0,0
4,487,1,1,254,0,0,0,0,0,0,0,0,0,0,10,193,0,0,0
4,488,1,1,254,0,0,0,0,0,0,0,0,0,0,10,195,0,0,0
4,489,1,1,254,0,0,0,0,0,0,0,0,0,0,10,197,0,0,0
4,490,1,1,254,0,0,0,0,0,0,0,0,0,0,10,199,0,0,0
4,491,1,1,254,0,0,0,0,0,0,0,0,0,0,10,201,0,0,0
4,492,1,1,254,500,0,0,0,0,0,0,0,0,0,10,230,501,0,0
4,493,1,1,254,250,0,0,0,0,0,0,0,0,2,10,232,500,0,0
4,494,1,1,254,1000,0,0,0,0,0,0,0,0,0,10,234,0,0,0
4,495,1,1,254,250,0,0,0,0,0,0,0,0,2,10,236,500,0,0
4,496,1,1,254,500,0,0,0,0,0,0,0,0,0,10,238,501,0,0
4,497,1,1,255,0,0,0,0,0,0,0,0,0,0,10,270,0,0,0
4,498,1,1,255,0,0,0,0,0,0,0,0,0,0,10,272,0,0,0
4,499,1,1,255,0,0,0,0,0,0,0,0,0,0,10,274,0,0,0
4,500,1,1,10,25,0,2,0,0,0,0,0,0,0,10,169,0,0,252
4,501,1,0,6,5,0,0,0,0,0,0,0,0,1,10,171,4,0,0
4,502,0,0,0,150,0,1,0,0,0,0,0,0,0,21,37,0,0,0
4,503,1,0,0,300,0,1,0,0,0,0,0,0,0,21,75,0,0,0
4,504,0,0,0,500,0,1,0,0,0,0,0,0,0,21,113,0,0,0
4,505,1,0,0,750,0,1,0,0,0,0,0,0,0,21,19,0,0,0
4,506,1,0,0,1000,0,1,0,0,0,0,0,0,0,21,38,0,0,0
4,507,0,0,0,50,0,3,0,0,0,0,0,0,0,21,133,5,0,0
4,508,0,0,0,50,0,1,0,0,0,0,0,0,0,21,76,0,0,0
4,509,0,0,0,100,0,1,0,0,0,0,0,0,0,21,57,0,0,0
4,510,0,0,0,500,0,1,0,0,0,0,0,0,0,21,114,0,0,0
4,511,1,0,2,10,0,0,0,0,0,0,0,0,1,13,19,2,0,0
4,512,1,1,0,1,0,0,0,0,0,0,0,0,1,21,191,0,0,0
4,513,1,1,0,1,0,1,0,0,0,0,0,0,1,21,159,0,0,0
4,514,1,1,12,25,0,0,0,0,0,0,0,0,0,7,163,515,0,0
4,515,1,0,5,0,0,3,0,0,0,0,0,0,1,7,190,0,0,0
4,516,1,0,255,0,0,-3,0,0,0,0,0,0,0,33,133,0,0,0
4,517,1,1,20,0,0,3,0,0,0,0,0,0,0,33,77,0,0,0
4,518,1,1,30,50,0,0,0,0,0,0,0,0,1,33,121,0,0,139
4,519,1,1,255,0,0,0,0,0,0,0,0,0,0,32,47,0,0,0
4,520,1,1,20,50,0,0,0,0,0,0,0,0,0,33,168,0,0,0
4,521,1,1,20,50,0,0,0,0,0,0,0,0,0,33,166,0,0,0
4,522,1,1,255,75,0,0,0,0,0,0,0,0,0,33,85,0,0,0
4,523,1,1,255,75,0,0,0,0,0,0,0,0,0,33,87,0,0,0
4,524,1,1,10,25,0,0,0,0,0,0,0,0,0,33,77,0,0,0
4,525,0,1,10,25,0,0,0,0,0,0,0,0,2,33,164,0,0,59
4,526,1,1,20,75,3,-4,0,0,0,0,0,0,0,33,83,0,0,120
4,527,1,1,20,75,-3,-4,0,0,0,0,0,0,0,33,81,0,0,120
4,528,0,1,20,100,0,0,0,0,0,0,0,0,0,8,153,0,0,0
4,529,1,1,15,50,0,2,0,0,0,0,0,0,2,8,163,530,0,0
4,530,1,0,4,5,0,5,0,0,0,0,0,0,1,8,171,0,0,0
4,531,1,1,8,30,0,2,0,0,0,0,0,0,2,8,79,532,0,0
4,532,1,0,3,30,0,2,0,0,0,0,0,0,1,8,228,4,0,0
4,533,1,1,0,-1,0,1,0,0,0,0,0,0,1,21,165,0,0,0
4,534,1,1,0,-2,0,1,0,0,0,0,0,0,1,21,203,0,0,0
4,535,1,1,0,-3,0,1,0,0,0,0,0,0,1,21,153,0,0,0
4,536,1,0,10,50,0,0,0,0,0,0,0,0,2,33,76,1537,0,0
4,537,1,0,10,50,4,0,0,0,0,0,0,0,0,33,76,0,0,0
4,538,1,0,10,50,0,0,0,0,0,0,0,0,2,33,76,1539,0,0
4,539,1,0,10,50,-4,0,0,0,0,0,0,0,0,33,76,0,0,0
4,540,1,1,30,200,0,0,0,0,0,0,0,0,0,33,170,0,0,43
4,541,1,1,30,100,0,0,0,0,0,0,0,0,0,33,278,0,0,0
4,542,0,1,255,100,0,0,0,0,0,0,0,0,0,17,1,0,0,0
4,543,1,0,4,5,-2,5,0,0,0,0,0,0,1,8,171,0,0,0
4,544,1,0,4,5,2,5,0,0,0,0,0,0,1,8,171,0,0,0
4,545,0,1,5,10,0,0,0,0,0,0,0,0,0,8,77,0,0,0
4,546,0,1,80,0,0,0,0,0,0,15,0,3,1,23,203,0,0,63
4,547,0,1,80,0,0,0,0,0,0,15,0,3,1,23,205,0,0,63
4,548,0,1,80,0,0,0,0,0,0,15,0,3,1,23,165,0,0,63
4,549,0,1,80,0,0,0,0,0,0,15,0,3,1,23,167,0,0,63
4,550,0,1,80,250,0,0,0,0,0,15,0,3,0,23,267,551,0,76
4,551,1,0,4,5,0,1,0,0,0,6,0,0,1,8,171,94,0,0
4,552,0,1,0,0,0,0,0,0,0,0,0,0,1,5,17,0,0,253
4,553,0,1,0,0,0,0,0,0,0,0,0,0,1,5,93,0,0,254
4,554,1,1,10,50,0,0,0,0,0,0,0,0,1,5,169,0,0,0
4,555,1,1,20,75,0,0,0,0,0,0,0,0,1,9,201,0,0,0
4,556,0,0,3,10,1,-1,0,0,-16,10,0,0,0,7,19,0,0,0
4,557,0,0,3,10,0,0,0,0,0,0,0,0,0,7,38,0,0,0
4,558,0,0,3,10,0,0,0,0,0,0,0,0,0,7,57,0,0,0
4,559,0,1,30,10,0,0,0,0,0,0,0,0,2,7,49,0,0,63
4,560,0,1,5,100,0,5,0,0,0,-8,0,0,0,21,279,0,0,0
4,561,1,1,0,20004,0,1,0,0,0,0,0,0,0,21,127,0,0,0
4,562,1,1,0,20008,0,1,0,0,0,0,0,0,0,21,129,0,0,0
4,563,1,1,0,20016,0,1,0,0,0,0,0,0,0,21,131,0,0,0
4,564,1,1,255,50,0,0,0,0,0,0,0,0,0,5,283,0,0,0
4,565,1,1,20,50,0,0,0,0,0,0,0,0,0,5,281,0,0,0
4,566,1,1,255,0,0,0,0,0,0,0,0,0,1,5,167,0,0,0
4,567,1,1,20,200,0,0,0,0,0,0,0,0,1,5,165,0,0,255
4,568,0,1,30,250,0,0,0,0,0,0,0,0,0,23,269,455,0,0
4,569,0,1,6,100,7,0,0,0,-1,1,-7,7,1,17,117,0,0,0
4,570,0,1,254,100,0,7,0,0,-1,1,-7,7,0,17,115,0,0,0
4,571,0,1,254,100,0,-7,0,0,1,-1,7,-7,0,17,115,0,0,0
4,572,0,1,254,100,-7,0,0,0,1,-1,7,-7,0,17,115,0,0,0
4,573,0,1,25,50,0,0,0,0,0,0,0,0,0,8,165,0,0,0
4,574,0,1,25,50,0,0,0,0,0,0,0,0,0,20,127,0,0,0
4,575,0,1,25,50,0,0,0,0,0,0,0,0,0,8,155,0,0,0
4,576,0,1,25,50,0,0,0,0,0,0,0,0,0,20,123,0,0,0
4,577,1,1,0,10020,0,0,0,0,0,0,0,0,1,20,85,0,0,0
4,578,1,1,255,10,0,5,0,0,-1,2,-10,5,0,17,115,0,0,0
4,579,1,1,255,10,0,-5,0,0,1,-2,10,-5,0,17,115,0,0,0
4,580,1,1,255,10,0,7,0,0,-1,2,-14,7,0,17,115,0,0,0
4,581,1,1,255,10,0,-7,0,0,1,-2,14,-7,0,17,115,0,0,0
4,582,1,1,6,25,5,0,0,0,-2,2,-5,5,1,17,117,0,0,0
4,583,1,1,255,10,0,5,0,0,-2,2,-5,5,0,17,115,0,0,0
4,584,1,1,255,10,0,-5,0,0,2,-2,5,-5,0,17,115,0,0,0
4,585,1,1,255,10,-5,0,0,0,2,-2,5,-5,0,17,115,0,0,0
4,586,1,1,255,0,0,0,0,0,0,0,0,0,0,23,1,0,0,0
4,587,1,1,255,0,0,0,0,0,0,0,0,0,0,23,3,0,0,0
4,588,1,1,255,0,0,0,0,0,0,0,0,0,0,23,7,0,0,0
4,589,1,1,20,100,0,0,0,0,0,0,0,0,1,23,115,0,0,0
4,590,1,1,10,150,3,0,0,0,1,0,7,0,2,23,93,592,0,0
4,591,1,1,0,10020,0,0,0,0,0,0,0,0,1,20,85,0,0,0
4,592,1,0,3,10,0,4,0,0,0,0,0,0,1,23,9,0,0,0
4,593,1,1,0,10022,0,0,0,0,0,0,0,0,1,20,85,0,0,0
4,594,1,1,8,25,0,1,0,0,0,0,0,0,1,3,51,0,0,0
4,595,1,1,4,20,0,0,0,0,0,0,0,0,0,15,81,0,0,0
4,596,1,0,3,15,0,0,0,0,0,0,0,0,1,8,247,4,0,0
4,597,0,1,6,25,0,0,0,0,0,0,0,0,1,17,117,0,0,0
4,598,1,1,1,80,0,0,0,0,0,0,0,0,2,7,155,0,0,76
4,599,1,1,255,85,0,0,0,0,0,0,0,0,1,7,165,0,0,0
4,600,1,1,1,200,0,-1,0,0,0,0,0,0,2,7,191,0,0,76
4,601,1,1,1,200,0,-1,0,0,0,0,0,0,2,7,191,0,0,76
4,602,1,1,0,30001,4,1,0,0,4,0,4,0,0,26,153,0,0,0
4,603,1,1,0,30002,4,1,0,0,4,0,4,0,0,26,155,0,0,0
4,604,1,1,0,30003,4,1,0,0,4,0,4,0,0,26,157,0,0,0
4,605,1,1,0,30004,4,1,0,0,4,0,4,0,0,26,159,0,0,0
4,606,1,1,0,30005,4,1,0,0,4,0,4,0,0,26,161,0,0,0
4,607,1,1,0,30013,4,1,0,0,4,0,4,0,0,26,163,0,0,0
4,608,1,1,0,30007,4,1,0,0,4,0,4,0,0,26,165,0,0,0
4,609,1,1,0,30008,4,1,0,0,4,0,4,0,0,26,167,0,0,0
4,610,1,1,0,31009,4,1,0,0,4,0,4,0,0,26,169,0,0,0
4,611,1,1,0,31010,4,1,0,0,4,0,4,0,0,26,191,0,0,0
4,612,1,1,0,31011,4,1,0,0,4,0,4,0,0,26,193,0,0,0
4,613,1,1,0,31012,4,1,0,0,4,0,4,0,0,26,195,0,0,0
4,614,1,1,0,31014,4,1,0,0,4,0,4,0,0,26,197,0,0,0
4,615,1,1,0,31015,4,1,0,0,4,0,4,0,0,26,199,0,0,0
4,616,1,1,0,30017,4,1,0,0,4,0,4,0,0,26,201,0,0,0
4,617,1,1,0,30020,4,1,0,0,4,0,4,0,0,26,203,0,0,0
4,618,1,1,0,32001,4,1,0,0,4,0,4,0,0,26,205,0,0,0
4,619,1,1,0,32002,4,1,0,0,4,0,4,0,0,26,207,0,0,0
4,620,1,1,0,32003,4,1,0,0,4,0,4,0,0,26,229,0,0,0
4,621,1,1,0,32004,4,1,0,0,4,0,4,0,0,26,231,0,0,0
4,622,1,1,0,32007,4,1,0,0,4,0,4,0,0,26,233,0,0,0
4,623,1,1,0,32010,4,1,0,0,4,0,4,0,0,26,235,0,0,0
4,624,1,1,0,32006,4,1,0,0,4,0,4,0,0,26,237,0,0,0
4,625,1,1,0,32013,4,1,0,0,4,0,4,0,0,26,239,0,0,0
4,626,1,1,0,32015,4,1,0,0,4,0,4,0,0,26,241,0,0,0
4,627,1,1,0,31021,4,1,0,0,4,0,4,0,0,26,243,0,0,0
4,628,1,1,0,30000,4,1,0,0,4,0,4,0,0,26,41,0,0,0
4,629,1,1,0,31022,4,1,0,0,4,0,4,0,0,26,245,0,0,0
4,630,1,1,255,750,0,0,0,0,0,0,0,0,0,33,196,644,0,0
4,631,1,1,255,750,0,0,0,0,0,0,0,0,0,33,198,640,0,0
4,632,1,1,255,750,0,0,0,0,0,0,0,0,0,33,200,644,0,0
4,633,1,1,255,750,0,0,0,0,0,0,0,0,0,33,233,640,0,0
4,634,1,1,255,750,0,0,0,0,0,0,0,0,0,33,235,0,0,0
4,635,1,1,255,750,0,0,0,0,0,0,0,0,0,33,237,0,0,0
4,636,1,1,255,750,0,0,0,0,0,0,0,0,0,33,239,640,0,0
4,637,1,1,255,750,0,0,0,0,0,0,0,0,0,33,272,640,0,79
4,638,1,1,255,750,0,0,0,0,0,0,0,0,0,33,274,644,0,0
4,639,1,1,255,750,0,0,0,0,0,0,0,0,0,33,276,640,0,0
4,640,1,0,6,50,0,0,94,94,0,0,0,0,1,33,19,0,0,0
4,641,1,1,255,75,0,1,0,0,0,0,0,0,0,33,89,0,0,0
4,642,1,1,30,100,0,1,0,0,0,0,0,0,0,33,207,0,0,0
4,643,1,1,254,50,0,0,0,0,0,0,0,0,1,33,121,0,0,110
4,644,1,1,10,100,0,0,91,91,0,0,0,0,1,33,278,0,0,0
4,645,1,1,255,1000,0,1,0,0,0,0,0,0,1,34,16,0,0,0
4,646,1,1,255,1000,0,1,0,0,0,0,0,0,1,34,18,0,0,0
4,647,1,1,255,1000,0,1,0,0,0,0,0,0,1,34,54,0,0,0
4,648,1,1,255,1000,0,1,0,0,0,0,0,0,1,34,56,0,0,0
4,649,1,1,255,1000,0,1,0,0,0,0,0,0,0,34,244,0,0,0
4,650,1,1,255,1000,0,1,0,0,0,0,0,0,0,34,246,0,0,0
4,651,1,1,255,1000,0,1,0,0,0,0,0,0,1,34,92,0,0,0
4,652,1,1,255,1000,0,1,0,0,0,0,0,0,1,34,94,0,0,0
4,653,1,1,255,1000,0,1,0,0,0,0,0,0,0,16,1,0,0,0
4,654,1,1,255,1000,0,1,0,0,0,0,0,0,0,16,3,0,0,0
4,655,1,1,255,1000,0,1,0,0,0,0,0,0,0,16,39,0,0,0
4,656,1,1,255,1000,0,1,0,0,0,0,0,0,0,16,41,0,0,0
4,657,1,1,255,1000,0,1,0,0,0,0,0,0,0,16,77,0,0,0
4,658,1,1,255,1000,0,1,0,0,0,0,0,0,0,16,79,0,0,0
4,659,1,1,255,500,0,1,0,0,0,0,0,0,0,16,11,0,0,0
4,660,1,1,255,500,0,1,0,0,0,0,0,0,0,16,13,0,0,0
4,661,1,1,255,500,0,1,0,0,0,0,0,0,0,16,49,0,0,0
4,662,1,1,255,500,0,1,0,0,0,0,0,0,0,16,51,0,0,0
4,663,1,1,255,500,0,1,0,0,0,0,0,0,0,16,34,0,0,151
4,664,1,1,255,500,0,1,0,0,0,0,0,0,0,16,24,0,0,152
4,665,1,1,255,500,0,1,0,0,0,0,0,0,0,16,7,0,0,0
4,666,1,1,255,500,0,1,0,0,0,0,0,0,0,16,9,0,0,0
4,667,1,1,255,500,0,1,0,0,0,0,0,0,0,16,45,0,0,0
4,668,1,1,255,500,0,1,0,0,0,0,0,0,0,16,47,0,0,0
4,669,1,0,255,75,0,0,0,0,0,0,0,0,0,16,115,0,0,0
4,670,1,0,255,50,0,0,0,0,0,0,0,0,0,16,116,0,0,0
4,671,1,0,255,150,0,0,0,0,0,0,0,0,0,16,117,0,0,0
4,672,1,0,255,250,0,0,0,0,0,0,0,0,0,16,118,0,0,0
4,673,1,1,254,100,0,0,0,0,0,0,0,0,0,28,153,0,0,0
4,674,0,1,254,100,0,0,0,0,0,0,0,0,2,28,155,1452,0,0
4,675,0,1,254,100,0,0,0,0,0,0,0,0,2,28,195,1453,0,0
4,676,1,1,254,100,0,0,0,0,0,0,0,0,0,28,197,0,0,0
4,677,1,0,255,250,0,0,0,0,0,0,0,0,0,16,134,0,0,0
4,678,1,1,255,250,0,0,0,0,0,0,0,0,0,16,229,0,0,0
4,679,1,1,255,0,0,3,0,0,0,0,0,0,0,9,199,0,0,0
4,680,1,1,255,0,0,3,0,0,0,0,0,0,0,9,237,0,0,0
4,681,1,1,10,50,0,1,0,0,20,0,2,0,1,9,277,0,0,0
4,682,1,1,20,100,0,3,0,0,0,0,0,0,0,9,191,0,0,0
4,683,1,1,20,0,0,3,0,0,0,0,0,0,0,9,193,0,0,0
4,684,1,1,20,0,0,3,0,0,0,0,0,0,0,9,229,0,0,0
4,685,1,1,20,0,0,3,0,0,0,0,0,0,0,9,231,0,0,0
4,686,1,1,15,100,0,1,0,0,0,0,0,0,0,9,195,687,395,149
4,687,1,1,1,5,0,-2,94,0,0,20,0,0,0,9,235,0,0,0
4,688,1,1,0,10028,0,1,0,0,0,0,0,0,1,21,115,0,0,0
4,689,1,1,2,0,0,2,0,0,0,0,0,0,2,8,79,0,0,59
4,690,1,1,0,10026,0,0,0,0,0,0,0,0,1,20,85,0,0,0
4,691,1,0,2,5,0,2,0,0,0,0,0,0,0,4,83,0,0,0
4,692,1,0,2,5,0,3,0,0,0,0,0,0,0,4,84,0,0,0
4,693,1,0,2,5,0,4,0,0,0,0,0,0,0,4,103,0,0,0
4,694,1,0,2,5,0,5,0,0,0,0,0,0,0,4,122,0,0,0
4,695,1,1,0,10049,0,0,0,0,0,0,0,0,1,20,85,0,0,0
4,696,1,1,0,0,0,0,0,0,0,0,0,0,0,9,197,0,0,136
4,697,1,1,0,0,0,0,0,0,0,0,0,0,0,9,197,0,0,136
4,698,1,1,255,0,0,0,0,0,0,0,0,0,0,9,197,709,0,0
4,699,1,1,255,0,0,0,0,0,0,0,0,0,0,9,197,0,0,0
4,700,1,1,10,50,0,3,0,0,0,0,0,0,1,5,169,0,0,0
4,701,1,1,20,100,0,2,0,0,0,0,0,0,1,5,167,0,0,0
4,702,1,1,10,20,0,2,0,0,0,0,0,0,0,15,276,0,0,0
4,703,1,1,20,75,0,2,0,0,0,0,0,0,0,15,245,0,0,0
4,704,1,1,5,25,0,2,0,0,0,0,0,0,0,15,207,0,0,0
4,705,1,1,10,50,0,2,0,0,0,0,0,0,0,15,169,0,0,0
4,706,1,1,18,200,0,2,0,0,0,0,0,0,0,15,278,710,0,0
4,707,1,1,30,100,0,2,0,0,0,0,0,0,0,15,283,0,0,133
4,708,1,1,40,150,0,2,0,0,0,0,0,0,0,15,281,533,0,0
4,709,1,1,30,100,0,5,0,0,0,0,0,0,1,15,115,0,0,0
4,710,1,0,5,10,0,6,0,0,0,0,0,0,0,15,171,0,0,0
4,711,1,1,0,0,0,0,0,0,0,0,0,0,0,15,121,0,0,0
4,712,1,1,0,0,0,0,0,0,0,0,0,0,0,15,123,0,0,0
4,713,1,1,255,0,0,4,0,0,0,0,0,0,0,15,13,0,0,0
4,714,1,1,255,0,0,4,0,0,0,0,0,0,0,15,15,0,0,0
4,715,1,1,255,0,0,4,0,0,0,0,0,0,0,15,17,0,0,0
4,716,1,1,255,0,0,4,0,0,0,0,0,0,0,15,51,0,0,0
4,717,1,1,255,0,0,4,0,0,0,0,0,0,0,15,53,0,0,0
4,718,1,1,255,0,0,4,0,0,0,0,0,0,0,15,55,0,0,0
4,719,1,1,255,0,0,4,0,0,0,0,0,0,0,15,89,0,0,0
4,720,1,1,255,0,0,4,0,0,0,0,0,0,0,15,91,0,0,0
4,721,1,1,255,0,0,4,0,0,0,0,0,0,0,15,93,0,0,0
4,722,1,0,12,15,0,0,0,0,0,0,0,0,0,16,118,0,0,17
4,723,1,0,8,10,0,0,0,0,0,0,0,0,0,16,117,0,0,17
4,724,1,0,10,25,0,0,0,0,0,0,0,0,0,16,115,0,0,17
4,725,1,0,14,50,0,0,0,0,0,0,0,0,0,16,116,0,0,17
4,726,1,1,20,100,0,0,91,91,0,0,0,0,1,33,278,0,0,17
4,727,1,0,10,20,0,0,0,0,0,0,0,0,0,16,134,0,0,17
4,728,1,1,40,250,0,0,0,0,0,0,0,0,0,16,229,0,0,17
4,729,1,1,0,30000,4,1,0,0,4,0,4,0,0,26,281,0,0,0
4,730,1,1,255,250,0,0,0,0,0,0,0,0,0,16,229,0,0,0
4,731,1,1,6,15,0,0,0,0,0,0,0,0,0,33,49,0,0,0
4,732,1,1,50,0,0,0,0,0,0,0,0,0,2,15,153,0,0,150
4,733,1,1,50,0,0,0,0,0,0,0,0,0,2,15,191,0,0,150
4,734,1,1,255,0,0,0,0,0,0,0,0,0,0,15,195,0,0,0
4,735,1,1,60,0,0,0,0,0,0,0,0,0,0,19,156,0,0,133
4,736,1,1,60,0,0,0,0,0,0,0,0,0,0,19,164,0,0,133
4,737,1,1,60,0,0,0,0,0,0,0,0,0,2,19,191,703,0,0
4,738,1,1,60,0,0,0,0,0,0,0,0,0,2,19,193,703,0,0
4,739,1,1,40,75,0,0,0,0,0,0,0,0,0,33,115,0,0,0
4,740,1,1,80,75,0,0,0,0,0,0,0,0,0,33,117,0,0,4
4,741,1,1,40,75,0,0,0,0,0,0,0,0,0,33,119,0,0,0
4,742,1,1,2,15,0,0,0,0,0,0,0,0,0,33,229,0,0,0
4,743,1,1,10,15,0,0,0,0,0,0,0,0,0,33,231,0,0,63
4,744,1,1,2,15,0,0,0,0,0,0,0,0,0,33,268,0,0,0
4,745,0,1,10,50,0,0,0,0,0,0,0,0,1,14,43,0,0,0
4,746,0,1,10,0,0,0,0,0,0,0,0,0,0,14,45,0,0,0
4,747,0,1,10,0,0,0,0,0,0,0,0,0,1,14,5,0,0,0
4,748,0,1,10,0,0,0,0,0,0,0,0,0,0,14,7,0,0,0
4,749,0,1,12,25,0,0,0,0,0,0,0,0,2,14,77,0,0,110
4,750,0,1,6,10,0,0,0,0,0,0,0,0,0,14,1,0,0,0
4,751,0,1,15,50,0,0,0,0,0,0,0,0,2,14,83,0,0,63
4,752,1,0,20,0,4,0,0,0,0,0,0,0,1,14,19,0,0,0
4,753,0,1,20,0,0,0,0,0,0,0,0,0,2,11,229,0,0,0
4,754,0,1,20,50,0,0,0,0,0,0,0,0,2,11,231,752,0,0
4,755,1,0,20,0,-4,0,0,0,0,0,0,0,1,14,19,0,0,0
4,756,0,1,20,50,0,0,0,0,0,0,0,0,2,11,267,755,0,0
4,757,0,1,20,0,0,0,0,0,0,0,0,0,2,11,269,0,0,0
4,758,0,1,20,25,0,0,0,0,0,0,0,0,2,11,153,0,0,0
4,759,0,1,20,0,0,0,0,0,0,0,0,0,2,11,191,0,0,133
4,760,1,1,40,50,0,1,0,0,0,0,0,0,0,14,117,533,0,0
4,761,1,1,40,50,0,1,0,0,0,0,0,0,0,14,117,394,0,0
4,762,1,0,20,0,-3,-3,0,0,0,0,0,0,1,14,19,0,0,0
4,763,0,1,0,0,0,0,0,0,0,0,0,0,2,14,119,762,0,0
4,764,0,1,40,0,0,0,0,0,0,0,0,0,2,14,89,0,0,0
4,765,0,1,40,50,0,0,0,0,0,0,0,0,0,14,127,0,0,0
4,766,0,1,40,50,0,0,0,0,0,0,0,0,2,14,129,0,0,0
4,767,1,0,20,0,3,-3,0,0,0,0,0,0,1,14,19,0,0,0
4,768,0,1,40,0,0,0,0,0,0,0,0,0,2,11,165,0,0,0
4,769,0,1,0,0,0,0,0,0,0,0,0,0,2,11,167,767,0,0
4,770,0,1,40,50,0,0,0,0,0,0,0,0,2,11,203,0,0,0
4,771,0,1,40,50,0,0,0,0,0,0,0,0,0,11,205,0,0,0
4,772,1,1,40,50,0,0,0,0,0,0,0,0,2,14,193,0,0,76
4,773,1,1,40,50,0,0,0,0,0,0,0,0,2,14,195,0,0,76
4,774,1,1,40,50,0,0,0,0,0,0,0,0,2,14,241,0,0,0
4,775,1,1,40,50,0,0,0,0,0,0,0,0,2,14,243,0,0,0
4,776,1,1,10,50,0,0,0,0,0,0,0,0,1,17,89,0,0,132
4,777,1,1,6,25,0,0,0,0,0,0,0,0,0,17,125,0,0,0
4,778,1,1,15,25,0,0,0,0,0,0,0,0,1,11,49,0,0,0
4,779,1,1,255,25,0,0,0,0,0,0,0,0,1,5,277,0,0,0
4,780,1,1,255,1000,0,0,0,0,0,0,0,0,0,33,270,0,0,139
4,781,1,1,255,750,0,0,0,0,0,0,0,0,0,33,154,0,0,0
4,782,1,1,255,750,0,0,0,0,0,0,0,0,0,33,191,0,0,154
4,783,1,1,255,750,0,0,0,0,0,0,0,0,0,33,193,0,0,154
4,784,1,1,40,75,0,0,0,0,0,0,0,0,0,33,53,0,0,0
4,785,1,1,40,75,0,0,0,0,0,0,0,0,0,33,91,0,0,0
4,786,1,1,20,750,0,0,0,0,0,0,0,0,0,33,156,0,0,0
4,787,1,1,20,750,0,0,0,0,0,0,0,0,0,33,158,0,0,0
4,788,1,1,0,0,0,0,0,0,0,0,0,0,0,5,49,0,0,0
4,789,1,1,0,0,0,0,0,0,0,0,0,0,0,5,51,0,0,0
4,790,1,1,255,2000,0,0,0,0,0,0,0,0,1,33,121,791,0,0
4,791,1,0,5,20,0,0,94,94,2,2,5,5,1,33,19,1,0,0
4,792,1,1,255,750,0,0,0,0,0,0,0,0,0,32,267,0,0,0
4,793,1,1,255,750,0,0,0,0,0,0,0,0,0,32,269,791,0,0
4,794,1,1,255,1,0,0,0,0,0,0,0,0,0,31,225,0,0,0
4,795,1,1,8,25,0,1,0,0,0,0,0,0,0,12,284,0,0,131
4,796,1,1,254,50,0,1,0,0,0,0,0,0,0,28,89,0,0,131
4,797,1,1,254,100,0,1,0,0,0,0,0,0,2,28,91,799,0,131
4,798,1,1,254,50,0,1,0,0,0,0,0,0,0,28,93,0,0,131
4,799,1,1,20,25,0,1,92,0,0,0,0,0,1,28,123,0,0,131
4,800,1,1,0,-4,0,1,0,0,0,0,0,0,0,21,89,0,0,0
4,801,1,1,0,-5,0,1,0,0,0,0,0,0,0,21,92,0,0,0
4,802,1,1,100,150,0,0,0,0,0,0,0,0,0,5,229,0,0,0
4,803,1,1,0,0,0,0,0,0,0,0,0,0,0,5,237,0,0,0
4,804,1,1,100,150,0,0,0,0,0,0,0,0,0,5,267,0,0,0
4,805,1,1,0,0,0,0,0,0,0,0,0,0,0,5,275,0,0,0
4,806,1,1,0,0,0,0,0,0,0,0,0,0,0,5,7,0,0,0
4,807,1,1,100,150,0,0,0,0,0,0,0,0,0,5,9,0,0,0
4,808,1,1,0,0,0,0,0,0,0,0,0,0,0,5,45,0,0,0
4,809,1,1,100,150,0,0,0,0,0,0,0,0,0,5,47,0,0,0
4,810,1,1,254,0,0,2,0,0,0,0,0,0,0,28,8,0,0,0
4,811,1,1,30,50,0,2,0,0,0,0,0,0,0,28,159,812,0,0
4,812,1,0,6,10,0,3,0,0,0,0,0,0,0,28,171,0,0,0
4,813,1,1,10,25,0,-2,0,0,0,0,0,0,0,28,163,0,0,0
4,814,1,1,10,50,0,2,0,0,0,0,0,0,0,28,165,0,0,0
4,815,1,1,20,50,0,1,0,0,0,0,0,0,2,28,197,816,0,0
4,816,1,0,3,10,0,0,0,0,0,0,0,0,1,28,190,4,0,0
4,817,1,1,20,50,0,-2,0,0,0,0,0,0,0,28,161,0,0,0
4,818,1,1,20,50,0,1,0,0,0,0,0,0,0,28,48,0,0,68
4,819,0,1,15,50,0,0,0,0,0,0,0,0,2,29,125,0,0,62
4,820,0,1,15,100,0,0,0,0,0,0,0,0,2,29,153,0,0,70
4,821,0,1,15,50,0,0,0,0,0,0,0,0,2,29,229,0,0,69
4,822,1,1,4,10,0,1,0,0,0,0,0,0,1,9,13,0,0,0
4,823,1,1,0,10027,0,0,0,0,0,0,0,0,1,20,85,0,0,0
4,824,1,1,6,50,0,0,0,0,0,0,0,0,0,10,3,0,825,0
4,825,1,1,10,0,0,0,0,0,1,6,3,0,0,10,3,0,394,12
4,826,1,1,2,0,0,2,0,0,0,0,0,0,0,31,52,0,0,68
4,827,1,1,0,30031,4,1,0,0,4,0,4,0,0,26,267,0,0,0
4,828,1,1,0,30027,4,1,0,0,4,0,4,0,0,26,269,0,0,0
4,829,1,1,0,32101,4,1,0,0,4,0,4,0,0,26,271,0,0,0
4,830,1,1,0,32102,4,1,0,0,4,0,4,0,0,26,273,0,0,0
4,831,1,1,0,32103,4,1,0,0,4,0,4,0,0,26,275,0,0,0
4,832,1,1,0,32104,4,1,0,0,4,0,4,0,0,26,277,0,0,0
4,833,1,1,0,32105,4,1,0,0,4,0,4,0,0,26,121,0,0,0
4,834,1,1,0,32106,4,1,0,0,4,0,4,0,0,26,123,0,0,0
4,835,1,1,250,5000,0,0,0,0,0,0,0,0,2,30,154,836,0,68
4,836,1,1,8,25,0,4,0,0,0,0,0,0,1,11,49,0,0,0
4,837,1,1,50,10,0,0,0,0,0,0,0,0,0,17,1,0,0,0
4,838,0,1,10,75,0,0,0,0,0,0,0,0,2,5,91,839,0,0
4,839,1,0,20,5,-3,3,0,0,0,0,0,0,1,14,19,0,0,0
4,840,0,1,15,75,0,0,0,0,0,0,0,0,2,10,39,841,0,0
4,841,1,1,25,10,4,0,0,0,0,0,0,0,1,5,277,0,0,0
4,842,0,1,6,75,0,0,0,0,0,0,0,0,0,5,89,0,0,0
4,843,1,1,0,10030,0,1,0,0,0,0,0,0,1,20,85,0,0,0
4,844,1,1,20,250,0,0,0,0,0,0,0,0,0,23,271,0,0,72
4,845,1,1,10,0,0,0,0,0,0,0,0,0,0,17,15,0,503,0
4,846,1,1,10,50,0,0,0,0,0,0,0,0,0,17,17,850,0,0
4,847,1,1,10,100,0,0,0,0,0,0,0,0,0,17,53,0,0,0
4,848,1,1,20,2000,0,0,0,0,0,0,0,0,0,17,55,0,0,0
4,849,1,1,255,100,0,0,0,0,0,0,0,0,0,17,1,0,0,0
4,850,1,1,15,0,0,0,0,0,0,0,0,0,1,17,129,4,0,0
